pdb,antibody,method,constrained,site,wt,om,mutated,wt_tot,om_tot,d_tot,wt_int,om_int,d_int
7K4N,2,rpk,cons,319,R,R,0,0.20519041473977434,0.20786387575377524,0.0026734610140008996,0.0,0.0,0.0
7K4N,2,rpk,cons,320,V,V,0,-0.4143961943100002,-0.41089751730981894,0.0034986770001812495,0.0,0.0,0.0
7K4N,2,rpk,cons,321,Q,Q,0,-1.3411796838810868,-1.3406903430672352,0.0004893408138515465,0.0,0.0,0.0
7K4N,2,rpk,cons,322,P,P,0,-5.222948233473134,-5.225983765780168,-0.003035532307034572,0.0,0.0,0.0
7K4N,2,rpk,cons,323,T,T,0,-0.7801456958666774,-0.7732217358426616,0.006923960024015741,0.0,0.0,0.0
7K4N,2,rpk,cons,324,E,E,0,-3.3036250969215657,-3.376454619496537,-0.07282952257497133,0.0,0.0,0.0
7K4N,2,rpk,cons,325,S,S,0,-1.260031075827263,-1.258154788258888,0.0018762875683751012,0.0,0.0,0.0
7K4N,2,rpk,cons,326,I,I,0,-5.471892581561994,-5.456587599436321,0.015304982125672772,0.0,0.0,0.0
7K4N,2,rpk,cons,327,V,V,0,-3.633399730663355,-3.6188460652737957,0.014553665389559267,0.0,0.0,0.0
7K4N,2,rpk,cons,328,R,R,0,-0.690169787977252,-0.6673137304575656,0.022856057519686446,0.0,0.0,0.0
7K4N,2,rpk,cons,329,F,F,0,0.3371005460001236,0.33163313266119854,-0.005467413338925087,0.0,0.0,0.0
7K4N,2,rpk,cons,330,P,P,0,-2.697479105782304,-2.69939881715334,-0.0019197113710358593,0.0,0.0,0.0
7K4N,2,rpk,cons,331,N,N,0,-0.08712343470181783,-0.08380061066389827,0.0033228240379195584,0.0,0.0,0.0
7K4N,2,rpk,cons,332,I,I,0,-1.005529923310438,-0.9995661575627203,0.005963765747717731,0.0,0.0,0.0
7K4N,2,rpk,cons,333,T,T,0,-0.23379032029763408,-0.23763148185994248,-0.003841161562308404,0.0,0.0,0.0
7K4N,2,rpk,cons,334,N,N,0,-2.3280944405353834,-2.323237180838214,0.004857259697169436,0.0,0.0,0.0
7K4N,2,rpk,cons,335,L,L,0,-1.3331336264805478,-1.340791122582857,-0.007657496102309258,0.0,0.0,0.0
7K4N,2,rpk,cons,336,C,C,0,-2.02368207086661,-2.030164047044268,-0.006481976177658222,0.0,0.0,0.0
7K4N,2,rpk,cons,337,P,P,0,-2.615569313282264,-2.612151482806027,0.003417830476236894,0.0,0.0,0.0
7K4N,2,rpk,cons,338,F,F,0,-5.843984679418298,-5.870370763545874,-0.026386084127575593,0.0,0.0,0.0
7K4N,2,rpk,cons,339,G,D,1,-0.2248746308866661,-2.4049841903596145,-2.1801095594729483,0.0,0.0,0.0
7K4N,2,rpk,cons,340,E,E,0,-2.020998791362899,-2.3758217667415296,-0.3548229753786307,0.0,0.0,0.0
7K4N,2,rpk,cons,341,V,V,0,-2.9871371360543586,-2.9327036125579324,0.05443352349642616,0.0,0.0,0.0
7K4N,2,rpk,cons,342,F,F,0,-6.007668423357689,-5.985427003917329,0.022241419440359955,0.0,0.0,0.0
7K4N,2,rpk,cons,343,N,N,0,-2.280327160125837,-2.355189868248658,-0.07486270812282125,0.0,0.0,0.0
7K4N,2,rpk,cons,344,A,A,0,-2.247171939762089,-2.2265688498642686,0.020603089897820226,0.0,0.0,0.0
7K4N,2,rpk,cons,345,T,T,0,-0.4140469555428018,-0.41559129919834525,-0.0015443436555434564,0.0,0.0,0.0
7K4N,2,rpk,cons,346,R,R,0,0.41264640531943025,0.41299672369921503,0.0003503183797847753,0.0,0.0,0.0
7K4N,2,rpk,cons,347,F,F,0,-1.6617771401657206,-1.6239574354890947,0.03781970467662599,0.0,0.0,0.0
7K4N,2,rpk,cons,348,A,A,0,-1.523023582631555,-1.5017265030502571,0.021297079581297895,0.0,0.0,0.0
7K4N,2,rpk,cons,349,S,S,0,-2.942703246023096,-2.8735669914401343,0.06913625458296169,0.0,0.0,0.0
7K4N,2,rpk,cons,350,V,V,0,-1.8857538881369942,-1.8562691495030836,0.029484738633910546,0.0,0.0,0.0
7K4N,2,rpk,cons,351,Y,Y,0,-2.767205996000651,-2.821025616829046,-0.0538196208283952,0.0,0.0,0.0
7K4N,2,rpk,cons,352,A,A,0,-2.1559896657198117,-2.1247637286040972,0.03122593711571442,0.0,0.0,0.0
7K4N,2,rpk,cons,353,W,W,0,-2.031422843122448,-2.0378536257832156,-0.0064307826607676866,0.0,0.0,0.0
7K4N,2,rpk,cons,354,N,N,0,-1.806060959580403,-1.7995087450679221,0.006552214512480781,0.0,0.0,0.0
7K4N,2,rpk,cons,355,R,R,0,-1.4927613119259806,-1.5272246414112385,-0.034463329485257876,0.0,0.0,0.0
7K4N,2,rpk,cons,356,K,K,0,-2.2708005382753367,-2.2755682326819633,-0.00476769440662661,0.0,0.0,0.0
7K4N,2,rpk,cons,357,R,R,0,-2.3263609568590295,-2.322037126046778,0.004323830812251739,0.0,0.0,0.0
7K4N,2,rpk,cons,358,I,I,0,-5.48500936156258,-5.459401825689268,0.025607535873311882,0.0,0.0,0.0
7K4N,2,rpk,cons,359,S,S,0,-2.659065586824372,-2.6663467279772846,-0.00728114115291234,0.0,0.0,0.0
7K4N,2,rpk,cons,360,N,N,0,-2.124992053055889,-2.1230534358263977,0.0019386172294910686,0.0,0.0,0.0
7K4N,2,rpk,cons,361,C,C,0,-2.8458121280829456,-2.8061443831787143,0.039667744904231306,0.0,0.0,0.0
7K4N,2,rpk,cons,362,V,V,0,-6.025723684331462,-6.005241960824101,0.020481723507360883,0.0,0.0,0.0
7K4N,2,rpk,cons,363,A,A,0,-3.4112016702609944,-3.4788221172763305,-0.0676204470153361,0.0,0.0,0.0
7K4N,2,rpk,cons,364,D,D,0,-2.7406479605635425,-2.65037293206328,0.0902750285002627,0.0,0.0,0.0
7K4N,2,rpk,cons,365,Y,Y,0,-6.017438100387958,-5.869689271270675,0.14774882911728238,0.0,0.0,0.0
7K4N,2,rpk,cons,366,S,S,0,-1.6754083605944783,-1.4774120194368714,0.1979963411576069,0.0,0.0,0.0
7K4N,2,rpk,cons,367,V,V,0,0.6310041214953703,0.6789628321221588,0.04795871062678847,0.0,0.0,0.0
7K4N,2,rpk,cons,368,L,L,0,-5.180531492702022,-5.92132050570758,-0.7407890130055588,0.0,0.0,0.0
7K4N,2,rpk,cons,369,Y,Y,0,-2.439561134569963,-2.570564776341279,-0.13100364177131585,0.0,0.0,0.0
7K4N,2,rpk,cons,370,N,N,0,-2.442007782946215,-2.51466734335148,-0.07265956040526511,0.0,0.0,0.0
7K4N,2,rpk,cons,371,S,L,1,-2.6060595172115226,1.743827030798764,4.349886548010287,0.0,0.0,0.0
7K4N,2,rpk,cons,372,A,A,0,1.5959094256943749,5.447579525627505,3.8516700999331306,0.0,0.0,0.0
7K4N,2,rpk,cons,373,S,P,1,-2.5448884066743647,-0.036970623978116235,2.507917782696248,0.0,0.0,0.0
7K4N,2,rpk,cons,374,F,F,0,-2.020951557475511,-2.5437710555140844,-0.5228194980385736,0.0,0.0,0.0
7K4N,2,rpk,cons,375,S,F,1,-0.5888146275618933,1.3183797079855788,1.907194335547472,0.0,0.0,0.0
7K4N,2,rpk,cons,376,T,T,0,-2.451971557787637,-2.3908530272677737,0.06111853051986316,0.0,0.0,0.0
7K4N,2,rpk,cons,377,F,F,0,-1.7830333394973532,-1.6123259704478228,0.17070736904953043,0.0,0.0,0.0
7K4N,2,rpk,cons,378,K,K,0,-2.2186649716044173,-2.115418150093471,0.10324682151094633,0.0,0.0,0.0
7K4N,2,rpk,cons,379,C,C,0,-1.7278861608777032,-1.7018239734774396,0.02606218740026356,0.0,0.0,0.0
7K4N,2,rpk,cons,380,Y,Y,0,-3.672249209732005,-3.687091273909209,-0.01484206417720424,0.0,0.0,0.0
7K4N,2,rpk,cons,381,G,G,0,-1.37211190796915,-1.35935843580396,0.01275347216518985,0.0,0.0,0.0
7K4N,2,rpk,cons,382,V,V,0,-2.2975405433128153,-2.3457031325585764,-0.04816258924576111,0.0,0.0,0.0
7K4N,2,rpk,cons,383,S,S,0,-1.404521491801987,-1.403139964874815,0.0013815269271719721,0.0,0.0,0.0
7K4N,2,rpk,cons,384,P,P,0,-4.594687380260496,-4.505947672477332,0.08873970778316398,0.0,0.0,0.0
7K4N,2,rpk,cons,385,T,T,0,-1.405831480908617,-1.366927428495658,0.03890405241295891,0.0,0.0,0.0
7K4N,2,rpk,cons,386,K,K,0,-1.0886635154504416,-1.0859827915703406,0.002680723880100988,0.0,0.0,0.0
7K4N,2,rpk,cons,387,L,L,0,-5.428666563918994,-5.4013423200233515,0.027324243895642475,0.0,0.0,0.0
7K4N,2,rpk,cons,388,N,N,0,-2.7426575859568527,-2.8073420649746463,-0.06468447901779362,0.0,0.0,0.0
7K4N,2,rpk,cons,389,D,D,0,-5.331335142873319,-5.350904111912706,-0.019568969039386985,0.0,0.0,0.0
7K4N,2,rpk,cons,390,L,L,0,-1.9162577287195166,-1.9055112316907077,0.010746497028808921,0.0,0.0,0.0
7K4N,2,rpk,cons,391,C,C,0,0.9308049100051178,0.932279948680917,0.001475038675799234,0.0,0.0,0.0
7K4N,2,rpk,cons,392,F,F,0,-6.737537564966343,-6.7313014575464605,0.006236107419882231,0.0,0.0,0.0
7K4N,2,rpk,cons,393,T,T,0,-2.309715939283808,-2.3053003159738803,0.004415623309927508,0.0,0.0,0.0
7K4N,2,rpk,cons,394,N,N,0,-4.203992724058293,-4.199535267515358,0.0044574565429345014,0.0,0.0,0.0
7K4N,2,rpk,cons,395,V,V,0,-6.907806107153255,-6.912389882001384,-0.004583774848128996,0.0,0.0,0.0
7K4N,2,rpk,cons,396,Y,Y,0,-5.090850580287068,-5.100251035009901,-0.009400454722833018,0.0,0.0,0.0
7K4N,2,rpk,cons,397,A,A,0,-3.17734316283208,-3.1802604011100524,-0.0029172382779725226,0.0,0.0,0.0
7K4N,2,rpk,cons,398,D,D,0,-8.038568791702772,-8.053104822224757,-0.0145360305219846,0.0,0.0,0.0
7K4N,2,rpk,cons,399,S,S,0,-4.5729617218738206,-4.593616113365822,-0.020654391492001878,0.0,0.0,0.0
7K4N,2,rpk,cons,400,F,F,0,-8.40297783224731,-8.440378254000592,-0.03740042175328284,0.0,0.0,0.0
7K4N,2,rpk,cons,401,V,V,0,-5.458754774293207,-5.375371710031121,0.08338306426208586,0.0,0.0,0.0
7K4N,2,rpk,cons,402,I,I,0,-6.795156788211538,-6.789769074924911,0.005387713286626905,0.0,0.0,0.0
7K4N,2,rpk,cons,403,R,R,0,-3.9541814356190073,-3.9573844084021537,-0.003202972783146407,0.002934059143797743,-3.7986808472769036e-05,-0.002972045952270512
7K4N,2,rpk,cons,404,G,G,0,-1.1248232354303918,-1.18379431460392,-0.058971079173528285,0.0,0.0,0.0
7K4N,2,rpk,cons,405,D,D,0,-3.338655142966276,-3.402214986003532,-0.06355984303725615,0.0,0.0,0.0
7K4N,2,rpk,cons,406,E,E,0,-7.807504238199948,-7.918557854025956,-0.11105361582600715,0.0,0.0,0.0
7K4N,2,rpk,cons,407,V,V,0,-2.2755913147961415,-2.3747623051033413,-0.09917099030719978,0.0,0.0,0.0
7K4N,2,rpk,cons,408,R,R,0,0.3238821714975896,0.35696813729459576,0.03308596579700618,0.0,0.0,0.0
7K4N,2,rpk,cons,409,Q,Q,0,-6.840588790395131,-6.7863122025116605,0.05427658788347056,0.0,0.0,0.0
7K4N,2,rpk,cons,410,I,I,0,-3.973031680574419,-3.99901656276382,-0.025984882189401315,0.0,0.0,0.0
7K4N,2,rpk,cons,411,A,A,0,-0.9871220924230169,-1.0230860264031407,-0.035963933980123874,0.0,0.0,0.0
7K4N,2,rpk,cons,412,P,P,0,-5.543185994024561,-5.505865964694566,0.037320029329994675,0.0,0.0,0.0
7K4N,2,rpk,cons,413,G,G,0,-2.191549736629752,-2.1883471148007527,0.0032026218289993302,0.0,0.0,0.0
7K4N,2,rpk,cons,414,Q,Q,0,-2.868941193092856,-2.8774981061675784,-0.008556913074722505,0.0,0.0,0.0
7K4N,2,rpk,cons,415,T,T,0,-1.5836009157345106,-1.5869428769716662,-0.0033419612371556884,0.0,0.0,0.0
7K4N,2,rpk,cons,416,G,G,0,-3.113329953477068,-3.148895776842435,-0.03556582336536662,0.0,0.0,0.0
7K4N,2,rpk,cons,417,K,N,1,-0.8233230180750377,-0.8916838630816201,-0.06836084500658235,-0.24865987391159855,0.003684964168045755,0.2523448380796443
7K4N,2,rpk,cons,418,I,I,0,-5.812386130710447,-5.729031814111799,0.08335431659864767,0.0,0.0,0.0
7K4N,2,rpk,cons,419,A,A,0,-3.202867237447508,-3.142570623416847,0.06029661403066067,0.0,0.0,0.0
7K4N,2,rpk,cons,420,D,D,0,-7.9975520272517135,-8.087218233345087,-0.08966620609337372,0.0,0.0,0.0
7K4N,2,rpk,cons,421,Y,Y,0,-2.849418513797679,-2.853270197300502,-0.0038516835028228336,0.022981668931981964,0.024395138111002225,0.001413469179020261
7K4N,2,rpk,cons,422,N,N,0,-4.077083533867618,-4.169014289700062,-0.09193075583244426,0.0,0.0,0.0
7K4N,2,rpk,cons,423,Y,Y,0,-5.811911850050082,-5.873015149472204,-0.06110329942212189,0.0,0.0,0.0
7K4N,2,rpk,cons,424,K,K,0,-1.7548313913339424,-1.7688871661393684,-0.014055774805425969,0.0,0.0,0.0
7K4N,2,rpk,cons,425,L,L,0,-6.295215505742273,-6.283700933881368,0.011514571860904432,0.0,0.0,0.0
7K4N,2,rpk,cons,426,P,P,0,-5.225409409875661,-5.244759778643718,-0.019350368768056292,0.0,0.0,0.0
7K4N,2,rpk,cons,427,D,D,0,-1.8494054897394252,-1.8574867788592153,-0.008081289119790114,0.0,0.0,0.0
7K4N,2,rpk,cons,428,D,D,0,-0.40176881123176256,-0.4083184068406898,-0.006549595608927261,0.0,0.0,0.0
7K4N,2,rpk,cons,429,F,F,0,-4.663383015416443,-4.634208760198572,0.029174255217871092,0.0,0.0,0.0
7K4N,2,rpk,cons,430,T,T,0,-3.3946448209569593,-3.4094967243306336,-0.014851903373674258,0.0,0.0,0.0
7K4N,2,rpk,cons,431,G,G,0,-5.790541190842119,-5.790878090950794,-0.0003369001086745982,0.0,0.0,0.0
7K4N,2,rpk,cons,432,C,C,0,-3.125350924931286,-3.0995841887304554,0.025766736200830476,0.0,0.0,0.0
7K4N,2,rpk,cons,433,V,V,0,-6.380529860607307,-6.422528009314201,-0.041998148706893446,0.0,0.0,0.0
7K4N,2,rpk,cons,434,I,I,0,-7.820873928563331,-7.788894597846422,0.03197933071690873,0.0,0.0,0.0
7K4N,2,rpk,cons,435,A,A,0,-7.266164452357658,-6.901653278545025,0.364511173812633,0.0,0.0,0.0
7K4N,2,rpk,cons,436,W,W,0,-4.256663029856684,-4.634804047834667,-0.37814101797798294,0.0,0.0,0.0
7K4N,2,rpk,cons,437,N,N,0,-3.2388850696048865,-3.42355749643949,-0.1846724268346036,0.0,0.0,0.0
7K4N,2,rpk,cons,438,S,S,0,-4.109548561009921,-4.113840886514284,-0.0042923255043625375,0.0,0.0,0.0
7K4N,2,rpk,cons,439,N,N,0,-2.149870076770757,-1.8946032324839686,0.25526684428678825,0.0,0.0,0.0
7K4N,2,rpk,cons,440,N,K,1,-0.36243233262626406,-0.16950514217330034,0.19292719045296372,0.0,0.0,0.0
7K4N,2,rpk,cons,441,L,L,0,-0.7097007196256595,-0.6179243990733896,0.09177632055226992,0.0,0.0,0.0
7K4N,2,rpk,cons,442,D,D,0,-8.336501839712895,-8.343342693532541,-0.006840853819646497,0.0,0.0,0.0
7K4N,2,rpk,cons,443,S,S,0,-2.4675800110048725,-2.3731306061781496,0.09444940482672282,0.0,0.0,0.0
7K4N,2,rpk,cons,444,K,K,0,-0.8944436609406289,-0.9513266063303509,-0.05688294538972205,0.0,0.0,0.0
7K4N,2,rpk,cons,445,V,V,0,1.3102870719252362,1.209195581635444,-0.10109149028979214,0.0,0.0,0.0
7K4N,2,rpk,cons,446,G,S,1,0.9749386434826026,-1.1556413628664253,-2.130580006349028,0.0,0.0,0.0
7K4N,2,rpk,cons,447,G,G,0,-2.706060780353539,-2.641872790714438,0.06418798963910088,0.0,0.0,0.0
7K4N,2,rpk,cons,448,N,N,0,-3.256071453915988,-3.3888994878535423,-0.1328280339375545,0.0,0.0,0.0
7K4N,2,rpk,cons,449,Y,Y,0,-1.240253435110608,-1.4816842144051434,-0.24143077929453538,0.0,0.0,0.0
7K4N,2,rpk,cons,450,N,N,0,-1.6347782762503111,-1.6543962509035897,-0.019617974653278525,0.0,0.0,0.0
7K4N,2,rpk,cons,451,Y,Y,0,-4.408909899438676,-4.32921248893776,0.07969741050091628,0.0,0.0,0.0
7K4N,2,rpk,cons,452,L,L,0,-5.617906938532345,-5.521021072652854,0.0968858658794911,0.0,0.0,0.0
7K4N,2,rpk,cons,453,Y,Y,0,-5.7085105855496705,-5.282331799378149,0.42617878617152183,0.0107724293739131,-0.005480331590808036,-0.016252760964721134
7K4N,2,rpk,cons,454,R,R,0,-5.10068229193139,-5.0130472655011395,0.08763502643025056,0.0,0.0,0.0
7K4N,2,rpk,cons,455,L,L,0,-4.1001213797830856,-2.767788243675567,1.3323331361075184,-2.0366506674509206,-2.1051948525174526,-0.06854418506653204
7K4N,2,rpk,cons,456,F,F,0,-4.577863595816267,-4.514297769763167,0.06356582605310024,-2.459768889121472,-2.351024271129461,0.10874461799201107
7K4N,2,rpk,cons,457,R,R,0,-0.28665059082406386,-0.3417151862005643,-0.055064595376500436,-0.23083354249202834,-0.2398240847332797,-0.00899054224125137
7K4N,2,rpk,cons,458,K,K,0,0.20727450763574248,0.24451685545335453,0.03724234781761204,-0.5355262799808889,-0.5503200421352584,-0.01479376215436956
7K4N,2,rpk,cons,459,S,S,0,-1.8391672224262732,-1.802266777940162,0.036900444486111184,-0.0042568752690496,-0.0046534540099410614,-0.00039657874089146176
7K4N,2,rpk,cons,460,N,N,0,-1.2794396686398442,-1.233517593485167,0.04592207515467717,0.0,0.0,0.0
7K4N,2,rpk,cons,461,L,L,0,-4.482760316394897,-4.465149399276199,0.017610917118697778,0.0,0.0,0.0
7K4N,2,rpk,cons,462,K,K,0,-2.835393470689154,-2.821225837245899,0.014167633443255223,0.0,0.0,0.0
7K4N,2,rpk,cons,463,P,P,0,-5.101507110772406,-5.104324549672202,-0.00281743889979591,0.0,0.0,0.0
7K4N,2,rpk,cons,464,F,F,0,-2.1263937005185234,-2.1299564223534055,-0.0035627218348821543,0.0,0.0,0.0
7K4N,2,rpk,cons,465,E,E,0,-4.570589898365668,-4.570268804037235,0.00032109432843352437,0.0,0.0,0.0
7K4N,2,rpk,cons,466,R,R,0,-1.6527843297521874,-1.6576351402412262,-0.004850810489038793,0.0,0.0,0.0
7K4N,2,rpk,cons,467,D,D,0,-4.218790095796626,-4.205715492692053,0.01307460310457298,0.0,0.0,0.0
7K4N,2,rpk,cons,468,I,I,0,0.2657119258566442,0.2574419569812575,-0.008269968875386724,0.0,0.0,0.0
7K4N,2,rpk,cons,469,S,S,0,-3.2256763704126135,-3.1169025037946296,0.10877386661798383,0.0,0.0,0.0
7K4N,2,rpk,cons,470,T,T,0,-1.4452136636470791,-1.5287102953036857,-0.08349663165660659,0.0,0.0,0.0
7K4N,2,rpk,cons,471,E,E,0,-1.1291992700940081,-1.1128765781276306,0.01632269196637748,0.0,0.0,0.0
7K4N,2,rpk,cons,472,I,I,0,-3.0009770082354312,-2.607230356181685,0.39374665205374626,0.0,0.0,0.0
7K4N,2,rpk,cons,473,Y,Y,0,-5.026064586039991,-5.037565430502233,-0.011500844462242199,-2.439395442544596,-2.493205159146891,-0.053809716602295055
7K4N,2,rpk,cons,474,Q,Q,0,-2.0725021987491967,-1.8558728562251938,0.2166293425240029,0.17020960301992286,0.16148465733490008,-0.008724945685022772
7K4N,2,rpk,cons,475,A,A,0,-3.773552587193739,-3.992615180733057,-0.21906259353931823,-3.783721938635505,-3.7818929153383927,0.001829023297112542
7K4N,2,rpk,cons,476,G,G,0,-2.001317443775825,-2.0056502010165977,-0.0043327572407725334,-3.0738778145732386,-2.89158982725795,0.18228798731528872
7K4N,2,rpk,cons,477,S,N,1,-1.8085224967756246,-2.522335548964084,-0.7138130521884594,-6.031823804244617,-6.9256514455051885,-0.8938276412605717
7K4N,2,rpk,cons,478,T,K,1,-1.5062047278744155,2.3036800659583196,3.809884793832735,-6.186164386769516,-1.2478706920792897,4.938293694690226
7K4N,2,rpk,cons,479,P,P,0,-5.425817676370338,-5.071651248090399,0.3541664282799388,-2.4148776292644043,-2.2942897247414757,0.12058790452292856
7K4N,2,rpk,cons,480,C,C,0,0.8261550641173845,0.8021313853171324,-0.024023678800252135,0.05865591457483344,0.015527549728645722,-0.04312836484618772
7K4N,2,rpk,cons,481,N,N,0,-0.2825497983994891,-0.24271881016439847,0.03983098823509065,-0.0036857021288111596,0.0021607010494850126,0.005846403178296172
7K4N,2,rpk,cons,482,G,G,0,-2.176366140295694,-2.1359445516938615,0.040421588601832426,0.0,0.0,0.0
7K4N,2,rpk,cons,483,V,V,0,-1.0492276006116295,-0.8763132102662299,0.17291439034539957,-0.23232023568900315,-0.23069072110495478,0.0016295145840483638
7K4N,2,rpk,cons,484,E,A,1,-4.334309166997659,-2.6425734547069766,1.691735712290682,-3.0864253057696356,-3.06948697498403,0.016938330785605693
7K4N,2,rpk,cons,485,G,G,0,-4.5817330021489715,-4.772849719097691,-0.19111671694871912,-4.081433033116988,-3.971090049934235,0.11034298318275271
7K4N,2,rpk,cons,486,F,F,0,-1.6896207783986916,-1.2414110188824206,0.44820975951627107,-10.301936415163016,-9.598458522686302,0.7034778924767142
7K4N,2,rpk,cons,487,N,N,0,-5.9947576449142,-6.039569695775093,-0.04481205086089268,-1.518463739365242,-1.7261326476986116,-0.2076689083333696
7K4N,2,rpk,cons,488,C,C,0,-1.479708970222032,-1.8386517276195362,-0.35894275739750414,-0.4115627895284999,-0.35589317328904974,0.05566961623945016
7K4N,2,rpk,cons,489,Y,Y,0,-5.20470478469452,-5.2731537712496035,-0.06844898655508391,-4.744566626832006,-4.6830102332361685,0.0615563935958372
7K4N,2,rpk,cons,490,F,F,0,-0.31816869153324495,0.9099428843337001,1.228111575866945,-0.03053281460075071,-0.019022872990108596,0.011509941610642116
7K4N,2,rpk,cons,491,P,P,0,-6.666099360366492,-6.717622897010659,-0.05152353664416687,0.0,0.0,0.0
7K4N,2,rpk,cons,492,L,L,0,-4.761845144268445,-4.853719307859909,-0.09187416359146372,-0.029607473245242405,-0.010802431200087767,0.018805042045154638
7K4N,2,rpk,cons,493,Q,R,1,-3.302775169805868,-1.3137226699036144,1.9890524999022536,-3.620860870335919,-1.4190860590834895,2.201774811252429
7K4N,2,rpk,cons,494,S,S,0,-3.7130581913426886,-2.5582015113874155,1.154856679955273,-7.498348276528373e-07,-8.927839829532677e-07,-1.4294915530043036e-07
7K4N,2,rpk,cons,495,Y,Y,0,-5.961030962796676,-6.134744116824848,-0.17371315402817178,0.0,0.0,0.0
7K4N,2,rpk,cons,496,G,S,1,0.7101526913615576,-1.1579554075466234,-1.868108098908181,0.0,0.0,0.0
7K4N,2,rpk,cons,497,F,F,0,-4.110686636924319,-4.305890783849801,-0.19520414692548194,0.0,0.0,0.0
7K4N,2,rpk,cons,498,Q,R,1,-1.21609644884062,-0.8757146732665662,0.3403817755740539,0.0,0.0,0.0
7K4N,2,rpk,cons,499,P,P,0,-3.2190210965633645,-1.8774601474279975,1.341560949135367,0.0,0.0,0.0
7K4N,2,rpk,cons,500,T,T,0,0.686036339708957,0.47050095385784646,-0.2155353858511106,0.0,0.0,0.0
7K4N,2,rpk,cons,501,N,Y,1,-2.056227855100756,1.0728566112208784,3.1290844663216344,0.0,0.0,0.0
7K4N,2,rpk,cons,502,G,G,0,0.5228209638845733,0.5401682204054089,0.017347256520835574,0.0,0.0,0.0
7K4N,2,rpk,cons,503,V,V,0,1.15440144957368,1.1008701311694695,-0.05353131840421055,0.0,0.0,0.0
7K4N,2,rpk,cons,504,G,G,0,-1.99435697785372,-1.65573569339698,0.33862128445674,0.0,0.0,0.0
7K4N,2,rpk,cons,505,Y,H,1,-1.4310606444665444,-2.469948059753774,-1.0388874152872296,0.0,0.0,0.0
7K4N,2,rpk,cons,506,Q,Q,0,-5.52754476598814,-5.712935971153814,-0.18539120516567387,0.0,0.0,0.0
7K4N,2,rpk,cons,507,P,P,0,-6.940190504728201,-7.018561503839683,-0.07837099911148204,0.0,0.0,0.0
7K4N,2,rpk,cons,508,Y,Y,0,-4.406006121770767,-4.3832709495774,0.02273517219336707,0.0,0.0,0.0
7K4N,2,rpk,cons,509,R,R,0,-6.303667939076514,-6.360975642832504,-0.05730770375599015,0.0,0.0,0.0
7K4N,2,rpk,cons,510,V,V,0,-6.611434122840708,-6.677446130576385,-0.06601200773567673,0.0,0.0,0.0
7K4N,2,rpk,cons,511,V,V,0,-7.51135903271557,-7.494882472970366,0.01647655974520479,0.0,0.0,0.0
7K4N,2,rpk,cons,512,V,V,0,-6.92138547934648,-6.912429778738873,0.008955700607606865,0.0,0.0,0.0
7K4N,2,rpk,cons,513,L,L,0,-7.665182401813175,-7.64962652141854,0.015555880394635402,0.0,0.0,0.0
7K4N,2,rpk,cons,514,S,S,0,-4.410095928650197,-4.420530810946022,-0.010434882295824899,0.0,0.0,0.0
7K4N,2,rpk,cons,515,F,F,0,-4.983856876491569,-5.0144810827340365,-0.03062420624246709,0.0,0.0,0.0
7K4N,2,rpk,cons,516,E,E,0,-6.175490493968358,-6.159213962197205,0.016276531771152847,0.0,0.0,0.0
7K4N,2,rpk,cons,517,L,L,0,-0.017132965056703697,-0.01695070672988408,0.00018225832681961762,0.0,0.0,0.0
7K4N,2,rpk,cons,518,L,L,0,-1.4480821622921285,-1.4549141588557384,-0.006831996563609888,0.0,0.0,0.0
7K4N,2,rpk,cons,519,H,H,0,2.6506699879181843,2.652549238730228,0.0018792508120437645,0.0,0.0,0.0
7K4N,2,rpk,cons,520,A,A,0,1.1819529709711822,1.1868734011722624,0.004920430201080128,0.0,0.0,0.0
7K4N,2,rpk,cons,521,P,P,0,-1.1570771818591123,-1.1501752830317158,0.006901898827396558,0.0,0.0,0.0
7K4N,2,rpk,cons,522,A,A,0,3.108138717469934,3.1084359359647746,0.00029721849484065643,0.0,0.0,0.0
7K4N,2,rpk,cons,523,T,T,0,-0.9757301736833164,-0.9854540675785035,-0.00972389389518713,0.0,0.0,0.0
7K4N,2,rpk,cons,524,V,V,0,-5.949234023802569,-5.955129371076618,-0.00589534727404839,0.0,0.0,0.0
7K4N,2,rpk,cons,525,C,C,0,-0.10657181840697466,-0.10983006582412871,-0.003258247417154053,0.0,0.0,0.0
7K4N,2,rpk,cons,526,G,G,0,-2.90258382882091,-2.936473142121159,-0.033889313300249135,0.0,0.0,0.0
7K4N,2,rpk,cons,527,P,P,0,-5.573024569203052,-5.564771791942578,0.008252777260474353,0.0,0.0,0.0
7K4N,2,rpk,cons,528,K,K,0,-2.7253434531639487,-2.7241936654022405,0.0011497877617081542,0.0,0.0,0.0
7K4N,2,rpk,cons,529,K,K,0,-0.7067179479236562,-0.7074222684368319,-0.0007043205131757047,0.0,0.0,0.0
7K4N,2,rpk,cons,530,S,S,0,-2.9052472506488556,-2.909160712559988,-0.003913461911132288,0.0,0.0,0.0
7K4N,2,rpk,cons,531,T,T,0,-2.750511876297213,-2.7315026276674086,0.019009248629804354,0.0,0.0,0.0
7K4N,2,rpk,cons,532,N,N,0,-0.8433266634582474,-0.8508401278843708,-0.0075134644261234396,0.0,0.0,0.0
7K4N,2,rpk,cons,533,L,L,0,-1.1350549794983766,-1.266501375289233,-0.13144639579085626,0.0,0.0,0.0
7K4N,2,rpk,cons,534,V,V,0,-1.73964724763024,-1.7270478644930836,0.012599383137156472,0.0,0.0,0.0
7K4N,2,rpk,cons,535,K,K,0,-0.48011192027613087,-0.4574663927382374,0.02264552753789345,0.0,0.0,0.0
7K4N,2,rpk,cons,536,N,N,0,-1.0596307974102275,-1.0585033844216951,0.0011274129885323614,0.0,0.0,0.0
7K4N,2,rpk,cons,537,K,K,0,-1.3401650389145594,-1.3302021376218356,0.009962901292723814,0.0,0.0,0.0
7K4N,2,rpk,cons,538,C,C,0,-1.2512058192841324,-1.281767656515438,-0.030561837231305455,0.0,0.0,0.0
7K4N,2,rpk,cons,539,V,V,0,-2.583847032772763,-2.5742598640022605,0.009587168770502696,0.0,0.0,0.0
7K4N,2,rpk,cons,540,N,N,0,-3.667311886547627,-3.665368185550521,0.001943700997105946,0.0,0.0,0.0
7K4N,2,rpk,cons,541,F,F,0,0.5283886876279493,0.5200280832120264,-0.008360604415922901,0.0,0.0,0.0
7K4N,2,rpk,free,319,R,R,0,0.21357809429607838,0.1934504583423518,-0.020127635953726575,0.0,0.0,0.0
7K4N,2,rpk,free,320,V,V,0,-0.4070272542682595,-0.46986668983979213,-0.06283943557153265,0.0,0.0,0.0
7K4N,2,rpk,free,321,Q,Q,0,-1.344113146047751,-1.3257273430136745,0.018385803034076442,0.0,0.0,0.0
7K4N,2,rpk,free,322,P,P,0,-5.21917590575906,-5.222712228847318,-0.003536323088257909,0.0,0.0,0.0
7K4N,2,rpk,free,323,T,T,0,-0.7703381263666653,-0.7539830371547747,0.01635508921189066,0.0,0.0,0.0
7K4N,2,rpk,free,324,E,E,0,-3.1952668471359322,-3.216305055238261,-0.021038208102328593,0.0,0.0,0.0
7K4N,2,rpk,free,325,S,S,0,-1.3074268195527288,-1.2986687024736232,0.008758117079105565,0.0,0.0,0.0
7K4N,2,rpk,free,326,I,I,0,-5.409049867678106,-5.504259224659715,-0.09520935698160926,0.0,0.0,0.0
7K4N,2,rpk,free,327,V,V,0,-3.6299956331976997,-3.6613259259550395,-0.031330292757339784,0.0,0.0,0.0
7K4N,2,rpk,free,328,R,R,0,-1.0203229523645536,-0.9101560122177126,0.11016694014684103,0.0,0.0,0.0
7K4N,2,rpk,free,329,F,F,0,0.3573429932721087,0.4007442641098111,0.0434012708377024,0.0,0.0,0.0
7K4N,2,rpk,free,330,P,P,0,-2.697392125558353,-2.698515852005668,-0.0011237264473149544,0.0,0.0,0.0
7K4N,2,rpk,free,331,N,N,0,-0.07525859018343495,-0.048444499708877486,0.02681409047455746,0.0,0.0,0.0
7K4N,2,rpk,free,332,I,I,0,-1.0328644645254208,-1.0397749347381997,-0.0069104702127789075,0.0,0.0,0.0
7K4N,2,rpk,free,333,T,T,0,-0.27359105346519935,-0.2866442058358476,-0.013053152370648247,0.0,0.0,0.0
7K4N,2,rpk,free,334,N,N,0,-2.26639957210974,-2.3511709492767903,-0.08477137716705041,0.0,0.0,0.0
7K4N,2,rpk,free,335,L,L,0,-1.3363173083584037,-1.413659717412301,-0.07734240905389722,0.0,0.0,0.0
7K4N,2,rpk,free,336,C,C,0,-1.9980395469442747,-1.9914057799843208,0.0066337669599538795,0.0,0.0,0.0
7K4N,2,rpk,free,337,P,P,0,-2.599074319292567,-2.57796870933088,0.021105609961686866,0.0,0.0,0.0
7K4N,2,rpk,free,338,F,F,0,-5.8138768858269,-5.9321454566304865,-0.11826857080358621,0.0,0.0,0.0
7K4N,2,rpk,free,339,G,D,1,-0.30534484707685494,-2.4316717814474726,-2.126326934370618,0.0,0.0,0.0
7K4N,2,rpk,free,340,E,E,0,-2.0522749352285166,-2.467767348600715,-0.4154924133721982,0.0,0.0,0.0
7K4N,2,rpk,free,341,V,V,0,-2.7015721280999507,-2.6707495293562333,0.0308225987437174,0.0,0.0,0.0
7K4N,2,rpk,free,342,F,F,0,-6.304879334859635,-6.229977211894676,0.0749021229649589,0.0,0.0,0.0
7K4N,2,rpk,free,343,N,N,0,-2.218133879816371,-2.2828719155620276,-0.06473803574565684,0.0,0.0,0.0
7K4N,2,rpk,free,344,A,A,0,-1.9166799872776523,-1.9202979263343614,-0.003617939056709041,0.0,0.0,0.0
7K4N,2,rpk,free,345,T,T,0,-0.4303432614221353,-0.4470957717483407,-0.016752510326205394,0.0,0.0,0.0
7K4N,2,rpk,free,346,R,R,0,0.416692700575542,0.4160711734353746,-0.0006215271401673883,0.0,0.0,0.0
7K4N,2,rpk,free,347,F,F,0,-1.5705428132713501,-1.744022463436002,-0.17347965016465183,0.0,0.0,0.0
7K4N,2,rpk,free,348,A,A,0,-1.5476056622371037,-1.547507684679563,9.797755754070714e-05,0.0,0.0,0.0
7K4N,2,rpk,free,349,S,S,0,-2.9457100942537977,-2.900713571526013,0.04499652272778487,0.0,0.0,0.0
7K4N,2,rpk,free,350,V,V,0,-1.8811641902814644,-1.9410906339843255,-0.05992644370286104,0.0,0.0,0.0
7K4N,2,rpk,free,351,Y,Y,0,-2.7714637710665913,-2.8575440044052716,-0.08608023333868031,0.0,0.0,0.0
7K4N,2,rpk,free,352,A,A,0,-2.1379294934654913,-2.173717638087347,-0.03578814462185553,0.0,0.0,0.0
7K4N,2,rpk,free,353,W,W,0,-2.033323535644027,-1.9952061299596977,0.03811740568432942,0.0,0.0,0.0
7K4N,2,rpk,free,354,N,N,0,-1.8383781593162156,-1.8597280364963784,-0.02134987718016279,0.0,0.0,0.0
7K4N,2,rpk,free,355,R,R,0,-1.4816768079044276,-1.462183883551304,0.019492924353123664,0.0,0.0,0.0
7K4N,2,rpk,free,356,K,K,0,-2.3132924363517797,-2.3264658158121536,-0.01317337946037389,0.0,0.0,0.0
7K4N,2,rpk,free,357,R,R,0,-2.312333097920475,-2.324942840537723,-0.01260974261724801,0.0,0.0,0.0
7K4N,2,rpk,free,358,I,I,0,-5.4617077394673474,-5.445100781324833,0.016606958142514117,0.0,0.0,0.0
7K4N,2,rpk,free,359,S,S,0,-2.6750647403323238,-2.6577461805235347,0.017318559808789047,0.0,0.0,0.0
7K4N,2,rpk,free,360,N,N,0,-2.1463706755524163,-2.162891646347714,-0.016520970795297796,0.0,0.0,0.0
7K4N,2,rpk,free,361,C,C,0,-2.8969580271987363,-2.9238585041162857,-0.026900476917549376,0.0,0.0,0.0
7K4N,2,rpk,free,362,V,V,0,-6.131925494425376,-6.0984248706024635,0.03350062382291252,0.0,0.0,0.0
7K4N,2,rpk,free,363,A,A,0,-3.0335682901453973,-3.0750795326384344,-0.04151124249303706,0.0,0.0,0.0
7K4N,2,rpk,free,364,D,D,0,-2.777439025324549,-2.7626112014145012,0.014827823910047666,0.0,0.0,0.0
7K4N,2,rpk,free,365,Y,Y,0,-6.059306331039872,-5.832556623507021,0.22674970753285084,0.0,0.0,0.0
7K4N,2,rpk,free,366,S,S,0,-1.5901809064172148,-1.2554869216039004,0.33469398481331436,0.0,0.0,0.0
7K4N,2,rpk,free,367,V,V,0,0.5397106014648136,0.524345909760448,-0.015364691704365607,0.0,0.0,0.0
7K4N,2,rpk,free,368,L,L,0,-5.317659700260615,-6.08658390950231,-0.7689242092416952,0.0,0.0,0.0
7K4N,2,rpk,free,369,Y,Y,0,-2.4346586050951915,-2.2362480348644276,0.19841057023076392,0.0,0.0,0.0
7K4N,2,rpk,free,370,N,N,0,-2.373063223279705,-2.3885572024578816,-0.01549397917817652,0.0,0.0,0.0
7K4N,2,rpk,free,371,S,L,1,-2.7655290840312765,-0.09864728194200967,2.666881802089267,0.0,0.0,0.0
7K4N,2,rpk,free,372,A,A,0,1.5568809782768949,4.985298135512961,3.4284171572360664,0.0,0.0,0.0
7K4N,2,rpk,free,373,S,P,1,-2.6039957396840596,-0.310182116087098,2.2938136235969617,0.0,0.0,0.0
7K4N,2,rpk,free,374,F,F,0,-1.8484137929024778,-2.3798345294306023,-0.5314207365281245,0.0,0.0,0.0
7K4N,2,rpk,free,375,S,F,1,-0.6166779033331388,1.0579837547193076,1.6746616580524463,0.0,0.0,0.0
7K4N,2,rpk,free,376,T,T,0,-2.19680096357844,-2.5913829169829925,-0.3945819534045527,0.0,0.0,0.0
7K4N,2,rpk,free,377,F,F,0,-1.7867619241227017,-1.2092872231605711,0.5774747009621306,0.0,0.0,0.0
7K4N,2,rpk,free,378,K,K,0,-2.1845576542301837,-2.0531206833207283,0.1314369709094554,0.0,0.0,0.0
7K4N,2,rpk,free,379,C,C,0,-1.7407425925034887,-1.529661243756792,0.2110813487466967,0.0,0.0,0.0
7K4N,2,rpk,free,380,Y,Y,0,-3.6501411664260615,-3.676041432190911,-0.025900265764849717,0.0,0.0,0.0
7K4N,2,rpk,free,381,G,G,0,-1.3708503151157483,-1.366224983785969,0.00462533132977927,0.0,0.0,0.0
7K4N,2,rpk,free,382,V,V,0,-2.2464550450788923,-2.2983801562569295,-0.05192511117803722,0.0,0.0,0.0
7K4N,2,rpk,free,383,S,S,0,-1.4210401228509926,-1.3874253234855554,0.03361479936543721,0.0,0.0,0.0
7K4N,2,rpk,free,384,P,P,0,-4.594648857407942,-4.437628086725758,0.157020770682184,0.0,0.0,0.0
7K4N,2,rpk,free,385,T,T,0,-1.395700564536044,-1.3042315990240136,0.09146896551203043,0.0,0.0,0.0
7K4N,2,rpk,free,386,K,K,0,-1.099326990721524,-1.0559565411888014,0.04337044953272251,0.0,0.0,0.0
7K4N,2,rpk,free,387,L,L,0,-5.440540634117232,-5.349223628770219,0.0913170053470127,0.0,0.0,0.0
7K4N,2,rpk,free,388,N,N,0,-2.760381931329845,-2.801744888751565,-0.041362957421720026,0.0,0.0,0.0
7K4N,2,rpk,free,389,D,D,0,-5.306457825596187,-5.366296215715003,-0.05983839011881642,0.0,0.0,0.0
7K4N,2,rpk,free,390,L,L,0,-1.9396239921382004,-1.9086890692386995,0.03093492289950084,0.0,0.0,0.0
7K4N,2,rpk,free,391,C,C,0,0.876320440951543,0.8669353143604163,-0.00938512659112678,0.0,0.0,0.0
7K4N,2,rpk,free,392,F,F,0,-6.750602351110336,-6.726304678814068,0.024297672296268225,0.0,0.0,0.0
7K4N,2,rpk,free,393,T,T,0,-2.249739766423459,-2.2535160684516815,-0.0037763020282226556,0.0,0.0,0.0
7K4N,2,rpk,free,394,N,N,0,-4.1949553161229725,-4.205742958789766,-0.010787642666793218,0.0,0.0,0.0
7K4N,2,rpk,free,395,V,V,0,-6.897984379189588,-6.884492201711181,0.013492177478407363,0.0,0.0,0.0
7K4N,2,rpk,free,396,Y,Y,0,-5.1443585638771605,-5.178545078347552,-0.03418651447039167,0.0,0.0,0.0
7K4N,2,rpk,free,397,A,A,0,-3.1702554399769705,-3.1653281286873916,0.004927311289578906,0.0,0.0,0.0
7K4N,2,rpk,free,398,D,D,0,-8.048347094998501,-8.016268608239201,0.03207848675929981,0.0,0.0,0.0
7K4N,2,rpk,free,399,S,S,0,-4.552356345410519,-4.588339747828094,-0.035983402417574695,0.0,0.0,0.0
7K4N,2,rpk,free,400,F,F,0,-8.363728787108228,-8.45066529745844,-0.08693651035021333,0.0,0.0,0.0
7K4N,2,rpk,free,401,V,V,0,-5.512494720568156,-5.467979161433972,0.044515559134183924,0.0,0.0,0.0
7K4N,2,rpk,free,402,I,I,0,-6.842768589354799,-6.928751679616122,-0.08598309026132256,0.0,0.0,0.0
7K4N,2,rpk,free,403,R,R,0,-3.926595212531263,-4.06576532307071,-0.1391701105394465,0.003909800601890194,-2.1893437451127665e-06,-0.0039119899456353064
7K4N,2,rpk,free,404,G,G,0,-1.1133313288851132,-1.301667859930661,-0.18833653104554782,0.0,0.0,0.0
7K4N,2,rpk,free,405,D,D,0,-3.3397798073370426,-3.261870764758486,0.07790904257855669,0.0,0.0,0.0
7K4N,2,rpk,free,406,E,E,0,-7.793237267175565,-8.029158350722708,-0.2359210835471437,0.0,0.0,0.0
7K4N,2,rpk,free,407,V,V,0,-2.287815117484308,-2.3100766756003153,-0.022261558116007052,0.0,0.0,0.0
7K4N,2,rpk,free,408,R,R,0,0.31754580128286813,0.39456548057548824,0.0770196792926201,0.0,0.0,0.0
7K4N,2,rpk,free,409,Q,Q,0,-6.823359540073314,-6.792801442043797,0.030558098029517033,0.0,0.0,0.0
7K4N,2,rpk,free,410,I,I,0,-3.9890594251162503,-3.9831135875424146,0.0059458375738357105,0.0,0.0,0.0
7K4N,2,rpk,free,411,A,A,0,-0.9698982582004431,-0.9683736515977116,0.0015246066027314598,0.0,0.0,0.0
7K4N,2,rpk,free,412,P,P,0,-5.57652686954894,-5.5477776967592956,0.028749172789644284,0.0,0.0,0.0
7K4N,2,rpk,free,413,G,G,0,-2.1803931567894743,-2.1641554929456173,0.016237663843857053,0.0,0.0,0.0
7K4N,2,rpk,free,414,Q,Q,0,-2.856489061597031,-2.873617261168599,-0.017128199571568192,0.0,0.0,0.0
7K4N,2,rpk,free,415,T,T,0,-1.5870893430953195,-1.5864825773069087,0.0006067657884107902,0.0,0.0,0.0
7K4N,2,rpk,free,416,G,G,0,-3.101257359783273,-3.1404251374840997,-0.0391677777008268,0.0,0.0,0.0
7K4N,2,rpk,free,417,K,N,1,-0.8381093033304722,-0.8554450260640462,-0.017335722733573977,-0.2563070791013371,-0.013162215918922743,0.24314486318241435
7K4N,2,rpk,free,418,I,I,0,-5.798406742503001,-5.620495399912277,0.1779113425907246,0.0,0.0,0.0
7K4N,2,rpk,free,419,A,A,0,-3.202633467328635,-3.130449949817192,0.07218351751144292,0.0,0.0,0.0
7K4N,2,rpk,free,420,D,D,0,-8.002254106043427,-8.0080362228656,-0.005782116822173222,0.0,0.0,0.0
7K4N,2,rpk,free,421,Y,Y,0,-2.883956564048096,-2.8197810424614347,0.06417552158666151,0.026688967956707173,0.02456378131297374,-0.0021251866437334323
7K4N,2,rpk,free,422,N,N,0,-4.053151397441494,-4.1783060705792066,-0.1251546731377129,0.0,0.0,0.0
7K4N,2,rpk,free,423,Y,Y,0,-5.806369870666833,-5.864723350950215,-0.058353480283382275,0.0,0.0,0.0
7K4N,2,rpk,free,424,K,K,0,-1.772619559549377,-1.8342647559634186,-0.06164519641404165,0.0,0.0,0.0
7K4N,2,rpk,free,425,L,L,0,-6.313170161961935,-6.319202996870231,-0.006032834908295648,0.0,0.0,0.0
7K4N,2,rpk,free,426,P,P,0,-5.230494861941454,-5.250748785600722,-0.020253923659267592,0.0,0.0,0.0
7K4N,2,rpk,free,427,D,D,0,-1.8298628069413483,-1.806062294264484,0.023800512676864338,0.0,0.0,0.0
7K4N,2,rpk,free,428,D,D,0,-0.41363166677215063,-0.4196203068449748,-0.005988640072824181,0.0,0.0,0.0
7K4N,2,rpk,free,429,F,F,0,-4.661619326162784,-4.692353995449231,-0.030734669286447414,0.0,0.0,0.0
7K4N,2,rpk,free,430,T,T,0,-3.3523112096802654,-3.382388219478671,-0.030077009798405552,0.0,0.0,0.0
7K4N,2,rpk,free,431,G,G,0,-5.753304229106304,-5.7429171656644815,0.010387063441822164,0.0,0.0,0.0
7K4N,2,rpk,free,432,C,C,0,-3.157293737984159,-3.0774589211497463,0.07983481683441251,0.0,0.0,0.0
7K4N,2,rpk,free,433,V,V,0,-6.444598281929207,-6.6502023392507,-0.20560405732149256,0.0,0.0,0.0
7K4N,2,rpk,free,434,I,I,0,-7.8561153062257345,-7.741663852921187,0.11445145330454753,0.0,0.0,0.0
7K4N,2,rpk,free,435,A,A,0,-7.0723644141617585,-6.882111271571116,0.19025314259064263,0.0,0.0,0.0
7K4N,2,rpk,free,436,W,W,0,-4.165134067600396,-4.610975089280241,-0.4458410216798452,0.0,0.0,0.0
7K4N,2,rpk,free,437,N,N,0,-3.1203695343449414,-3.3958761440111243,-0.2755066096661829,0.0,0.0,0.0
7K4N,2,rpk,free,438,S,S,0,-4.135648692007336,-4.185227315595955,-0.04957862358861931,0.0,0.0,0.0
7K4N,2,rpk,free,439,N,N,0,-2.0848625270801646,-1.5078560208538347,0.5770065062263299,0.0,0.0,0.0
7K4N,2,rpk,free,440,N,K,1,-0.36136487983108745,-0.16550357320610468,0.19586130662498277,0.0,0.0,0.0
7K4N,2,rpk,free,441,L,L,0,-0.7000361020683269,-0.6377797057446953,0.06225639632363156,0.0,0.0,0.0
7K4N,2,rpk,free,442,D,D,0,-8.376704044064846,-8.367224535388074,0.009479508676772497,0.0,0.0,0.0
7K4N,2,rpk,free,443,S,S,0,-2.437730000457201,-2.4017821291835264,0.035947871273674714,0.0,0.0,0.0
7K4N,2,rpk,free,444,K,K,0,-0.9256440514392996,-0.7116970406642482,0.2139470107750514,0.0,0.0,0.0
7K4N,2,rpk,free,445,V,V,0,1.333985904575949,1.2464809391733078,-0.08750496540264119,0.0,0.0,0.0
7K4N,2,rpk,free,446,G,S,1,0.953448722365214,-1.17142160198648,-2.124870324351694,0.0,0.0,0.0
7K4N,2,rpk,free,447,G,G,0,-2.644508284169188,-2.6003437960866322,0.044164488082555575,0.0,0.0,0.0
7K4N,2,rpk,free,448,N,N,0,-3.1191822236218667,-3.507285658999205,-0.38810343537733827,0.0,0.0,0.0
7K4N,2,rpk,free,449,Y,Y,0,-1.0198044189880275,-1.9779366194276589,-0.9581322004396313,0.0,0.0,0.0
7K4N,2,rpk,free,450,N,N,0,-1.3939934899198383,-1.6235384183188935,-0.22954492839905516,0.0,0.0,0.0
7K4N,2,rpk,free,451,Y,Y,0,-4.421582838413683,-4.405947998350014,0.015634840063669664,0.0,0.0,0.0
7K4N,2,rpk,free,452,L,L,0,-5.569765150547282,-5.380072112597562,0.18969303794971992,0.0,0.0,0.0
7K4N,2,rpk,free,453,Y,Y,0,-5.649673873308483,-5.694562146460581,-0.044888273152097646,0.014895299851682996,0.009460200566894887,-0.0054350992847881086
7K4N,2,rpk,free,454,R,R,0,-5.1285779803234375,-4.8589383867306974,0.26963959359274003,0.0,0.0,0.0
7K4N,2,rpk,free,455,L,L,0,-4.115350774038739,-2.363436354806877,1.7519144192318623,-1.957147061318722,-2.24094214945509,-0.283795088136368
7K4N,2,rpk,free,456,F,F,0,-4.617440005967385,-4.576728974538264,0.04071103142912058,-2.4783079410811437,-2.560626685089533,-0.08231874400838946
7K4N,2,rpk,free,457,R,R,0,-0.26405587553631393,-0.3774137856815562,-0.11335791014524227,-0.24134176791236595,-0.34128820157280154,-0.0999464336604356
7K4N,2,rpk,free,458,K,K,0,0.1886663164345576,-0.4945890923269348,-0.6832554087614924,-0.5385627948453123,-1.5810645429182817,-1.0425017480729695
7K4N,2,rpk,free,459,S,S,0,-1.8482759715013923,-1.8259007787658128,0.02237519273557953,-0.004119710481463831,-0.04717481443187402,-0.043055103950410185
7K4N,2,rpk,free,460,N,N,0,-1.2933500327618885,-1.210966983353012,0.08238304940887664,0.0,0.0,0.0
7K4N,2,rpk,free,461,L,L,0,-4.434142418146618,-4.435051975654985,-0.0009095575083666319,0.0,0.0,0.0
7K4N,2,rpk,free,462,K,K,0,-2.8246551861384477,-2.815477398649423,0.009177787489024869,0.0,0.0,0.0
7K4N,2,rpk,free,463,P,P,0,-5.107252921427376,-5.104010032564075,0.003242888863301374,0.0,0.0,0.0
7K4N,2,rpk,free,464,F,F,0,-2.1255548389339447,-2.077978798573126,0.04757604036081853,0.0,0.0,0.0
7K4N,2,rpk,free,465,E,E,0,-4.539382673833668,-4.512907551220387,0.026475122613280888,0.0,0.0,0.0
7K4N,2,rpk,free,466,R,R,0,-1.5938977316608525,-1.4980940087563672,0.09580372290448524,0.0,0.0,0.0
7K4N,2,rpk,free,467,D,D,0,-4.2217740293272445,-4.2498749738223385,-0.028100944495093927,0.0,0.0,0.0
7K4N,2,rpk,free,468,I,I,0,0.24523402563857286,0.14767678745775775,-0.0975572381808151,0.0,0.0,0.0
7K4N,2,rpk,free,469,S,S,0,-3.2110972969051077,-2.9360826298534755,0.27501466705163224,0.0,0.0,0.0
7K4N,2,rpk,free,470,T,T,0,-1.4183457343897712,-1.5762052099054873,-0.1578594755157161,0.0,0.0,0.0
7K4N,2,rpk,free,471,E,E,0,-1.075560495608076,-1.0404105655296483,0.035149930078427705,0.0,0.0,0.0
7K4N,2,rpk,free,472,I,I,0,-2.9879442689741373,-2.0195144005289185,0.9684298684452188,0.0,0.0,0.0
7K4N,2,rpk,free,473,Y,Y,0,-5.054875515370972,-4.368872456978446,0.6860030583925258,-2.408955121860192,-2.490703974230735,-0.08174885237054319
7K4N,2,rpk,free,474,Q,Q,0,-2.0616072245179486,-1.759472860496525,0.3021343640214236,0.16615814323067066,0.1148264720059238,-0.051331671224746855
7K4N,2,rpk,free,475,A,A,0,-3.797956983335338,-3.9075700001600637,-0.10961301682472557,-3.8043527582328958,-3.8649721026433514,-0.06061934441045569
7K4N,2,rpk,free,476,G,G,0,-2.003955877040173,-2.252708044289971,-0.2487521672497981,-3.0696128955233473,-3.0176188110811752,0.05199408444217202
7K4N,2,rpk,free,477,S,N,1,-1.8398800758438798,-1.8563708340032632,-0.01649075815938339,-6.043237440904775,-6.577967894831092,-0.5347304539263167
7K4N,2,rpk,free,478,T,K,1,-1.492906123797291,1.5606938885507835,3.0536000123480744,-6.161270603609963,-5.478360854946295,0.6829097486636675
7K4N,2,rpk,free,479,P,P,0,-5.414851839518025,-5.390479235000375,0.024372604517650664,-2.42296462552717,-2.5144819561527925,-0.0915173306256225
7K4N,2,rpk,free,480,C,C,0,0.7890711616751316,0.6656572896324042,-0.12341387204272736,0.05242917930835982,0.0882603393790985,0.03583116007073867
7K4N,2,rpk,free,481,N,N,0,-0.2978699666389096,-0.44203101361791286,-0.14416104697900328,-0.003745147518960443,-0.0036298475598055963,0.00011529995915484682
7K4N,2,rpk,free,482,G,G,0,-2.1803397442057433,-2.0717360494694033,0.10860369473634002,0.0,0.0,0.0
7K4N,2,rpk,free,483,V,V,0,-1.0386170960124201,-0.8616758896214602,0.1769412063909599,-0.23169596145996665,-0.27402532054396034,-0.042329359083993684
7K4N,2,rpk,free,484,E,A,1,-4.3915159302077615,-2.5888510364313557,1.8026648937764058,-3.098270799949581,-3.0847738269925307,0.013496972957050435
7K4N,2,rpk,free,485,G,G,0,-4.604596648819518,-4.915920410996524,-0.31132376217700575,-4.102858485927806,-3.9407670328764124,0.1620914530513935
7K4N,2,rpk,free,486,F,F,0,-1.707765794898198,-3.0158578737268806,-1.3080920788286827,-10.443584227483598,-10.26940470682759,0.17417952065600772
7K4N,2,rpk,free,487,N,N,0,-6.0189782264702085,-4.468516524545009,1.5504617019251992,-1.504651119674019,-0.6448297600307709,0.8598213596432482
7K4N,2,rpk,free,488,C,C,0,-1.504665649231359,-2.0214541731784306,-0.5167885239470715,-0.41014106659876876,-0.23542885094682198,0.17471221565194678
7K4N,2,rpk,free,489,Y,Y,0,-5.080632072002606,-4.9272082663428405,0.15342380565976566,-4.7273708471526765,-4.8016453900861755,-0.074274542933499
7K4N,2,rpk,free,490,F,F,0,-0.348402528595085,0.8635097919898611,1.211912320584946,-0.028923886323757916,-0.02185105646760238,0.007072829856155535
7K4N,2,rpk,free,491,P,P,0,-6.652530936796156,-6.684504018704492,-0.03197308190833592,0.0,0.0,0.0
7K4N,2,rpk,free,492,L,L,0,-4.796306004662032,-5.096770337590695,-0.30046433292866315,-0.03066658565524625,-0.010838398725143866,0.01982818693010238
7K4N,2,rpk,free,493,Q,R,1,-3.3180404464109503,-1.452113819970591,1.8659266264403593,-3.6580355175176145,-3.7844741275042244,-0.12643860998660994
7K4N,2,rpk,free,494,S,S,0,-3.622790086066393,-2.2466221649758196,1.3761679210905733,-9.347214543973777e-07,0.0,9.347214543973777e-07
7K4N,2,rpk,free,495,Y,Y,0,-6.057103144642432,-5.881577177669064,0.17552596697336753,0.0,0.0,0.0
7K4N,2,rpk,free,496,G,S,1,0.711347912830217,-0.939072290774992,-1.6504202036052091,0.0,0.0,0.0
7K4N,2,rpk,free,497,F,F,0,-4.229328853751929,-4.542348326195614,-0.3130194724436848,0.0,0.0,0.0
7K4N,2,rpk,free,498,Q,R,1,-1.2601585486693019,-0.5788557868536832,0.6813027618156187,0.0,0.0,0.0
7K4N,2,rpk,free,499,P,P,0,-3.219553810093369,-1.618896845848587,1.600656964244782,0.0,0.0,0.0
7K4N,2,rpk,free,500,T,T,0,0.7021220856839884,0.4219043240426065,-0.28021776164138185,0.0,0.0,0.0
7K4N,2,rpk,free,501,N,Y,1,-2.0139835815377003,-1.3317732837039031,0.6822102978337972,0.0,0.0,0.0
7K4N,2,rpk,free,502,G,G,0,0.5050364791055415,0.5041901071070953,-0.0008463719984461715,0.0,0.0,0.0
7K4N,2,rpk,free,503,V,V,0,1.1559154446435023,0.9672372003584385,-0.18867824428506375,0.0,0.0,0.0
7K4N,2,rpk,free,504,G,G,0,-1.9599298760690482,-1.5041743434941413,0.455755532574907,0.0,0.0,0.0
7K4N,2,rpk,free,505,Y,H,1,-1.4628480344317625,-2.1709732116519866,-0.7081251772202242,-3.0901676687694656e-06,0.0,3.0901676687694656e-06
7K4N,2,rpk,free,506,Q,Q,0,-5.5689652485261725,-5.616966323485908,-0.04800107495973549,0.0,0.0,0.0
7K4N,2,rpk,free,507,P,P,0,-6.980609716708732,-7.18063995322107,-0.20003023651233853,0.0,0.0,0.0
7K4N,2,rpk,free,508,Y,Y,0,-4.355508073560044,-4.444216791433303,-0.08870871787325907,0.0,0.0,0.0
7K4N,2,rpk,free,509,R,R,0,-6.3292514659705565,-6.433961729725457,-0.10471026375490045,0.0,0.0,0.0
7K4N,2,rpk,free,510,V,V,0,-6.637685824576165,-6.558274840047441,0.07941098452872364,0.0,0.0,0.0
7K4N,2,rpk,free,511,V,V,0,-7.577203992910592,-7.518891078308722,0.058312914601869714,0.0,0.0,0.0
7K4N,2,rpk,free,512,V,V,0,-6.9951531110811525,-6.898155161150397,0.09699794993075539,0.0,0.0,0.0
7K4N,2,rpk,free,513,L,L,0,-7.69333995958935,-7.6408455635870025,0.05249439600234762,0.0,0.0,0.0
7K4N,2,rpk,free,514,S,S,0,-4.366422126698088,-4.356294983700574,0.010127142997513161,0.0,0.0,0.0
7K4N,2,rpk,free,515,F,F,0,-4.975853545087719,-4.970475831304579,0.005377713783139448,0.0,0.0,0.0
7K4N,2,rpk,free,516,E,E,0,-6.159877596725808,-6.144865267138316,0.01501232958749199,0.0,0.0,0.0
7K4N,2,rpk,free,517,L,L,0,-0.01914690410573522,-0.017961164057131024,0.0011857400486041947,0.0,0.0,0.0
7K4N,2,rpk,free,518,L,L,0,-1.444812228868078,-1.4613284126044688,-0.016516183736390744,0.0,0.0,0.0
7K4N,2,rpk,free,519,H,H,0,2.6418763250200183,2.6420708854864183,0.00019456046639998448,0.0,0.0,0.0
7K4N,2,rpk,free,520,A,A,0,1.1815723772021516,1.1778511047425564,-0.003721272459595193,0.0,0.0,0.0
7K4N,2,rpk,free,521,P,P,0,-1.156394653391434,-1.152158412294873,0.004236241096561066,0.0,0.0,0.0
7K4N,2,rpk,free,522,A,A,0,3.071550278840344,3.0910094802182737,0.01945920137792978,0.0,0.0,0.0
7K4N,2,rpk,free,523,T,T,0,-1.0066046765191088,-1.0016028373791765,0.00500183913993224,0.0,0.0,0.0
7K4N,2,rpk,free,524,V,V,0,-5.989121748920709,-6.02204374104087,-0.032921992120160226,0.0,0.0,0.0
7K4N,2,rpk,free,525,C,C,0,-0.01290865199684351,0.00736668012334208,0.02027533212018559,0.0,0.0,0.0
7K4N,2,rpk,free,526,G,G,0,-2.8729437814584333,-2.9114995796470526,-0.03855579818861932,0.0,0.0,0.0
7K4N,2,rpk,free,527,P,P,0,-5.519791007045617,-5.439123509690281,0.08066749735533651,0.0,0.0,0.0
7K4N,2,rpk,free,528,K,K,0,-2.677582648664413,-2.6900873804205596,-0.012504731756146636,0.0,0.0,0.0
7K4N,2,rpk,free,529,K,K,0,-0.7191121287502584,-0.737589335403734,-0.01847720665347552,0.0,0.0,0.0
7K4N,2,rpk,free,530,S,S,0,-2.894843937212662,-2.8559695128237754,0.03887442438888655,0.0,0.0,0.0
7K4N,2,rpk,free,531,T,T,0,-2.7208593525958724,-2.7728704504539627,-0.05201109785809033,0.0,0.0,0.0
7K4N,2,rpk,free,532,N,N,0,-0.94366392528546,-0.9571729801525287,-0.01350905486706877,0.0,0.0,0.0
7K4N,2,rpk,free,533,L,L,0,-1.0051178706536323,-0.9741132312399443,0.03100463941368803,0.0,0.0,0.0
7K4N,2,rpk,free,534,V,V,0,-1.7361160968176101,-1.719844028016034,0.016272068801576056,0.0,0.0,0.0
7K4N,2,rpk,free,535,K,K,0,-0.5273817368355171,-0.5283786779198185,-0.0009969410843013726,0.0,0.0,0.0
7K4N,2,rpk,free,536,N,N,0,-1.0103799993747864,-1.0050105541529695,0.005369445221816926,0.0,0.0,0.0
7K4N,2,rpk,free,537,K,K,0,-1.3735576452860174,-1.3757082437610233,-0.0021505984750058715,0.0,0.0,0.0
7K4N,2,rpk,free,538,C,C,0,-1.1986120583683615,-1.2442232087567342,-0.04561115038837271,0.0,0.0,0.0
7K4N,2,rpk,free,539,V,V,0,-2.599162396834225,-2.608332652997687,-0.00917025616346212,0.0,0.0,0.0
7K4N,2,rpk,free,540,N,N,0,-3.6740595362528685,-3.6884360905047675,-0.014376554251898988,0.0,0.0,0.0
7K4N,2,rpk,free,541,F,F,0,0.5983253215035367,0.6102796439954361,0.011954322491899427,0.0,0.0,0.0
7K4N,2,af2,cons,320,V,V,0,0.6131093717600185,0.771469046930787,0.15835967517076854,0.0,0.0,0.0
7K4N,2,af2,cons,321,Q,Q,0,-0.46875316921656524,-0.550324302504002,-0.08157113328743676,0.0,0.0,0.0
7K4N,2,af2,cons,322,P,P,0,-6.079595145355336,-5.957236435113808,0.122358710241528,0.0,0.0,0.0
7K4N,2,af2,cons,323,T,T,0,-0.6824947893175602,-0.9669320514392137,-0.28443726212165343,0.0,0.0,0.0
7K4N,2,af2,cons,324,E,E,0,-2.7609140865050805,-2.4618558281862257,0.2990582583188548,0.0,0.0,0.0
7K4N,2,af2,cons,325,S,S,0,-1.3242545872688476,-0.706741094429177,0.6175134928396706,0.0,0.0,0.0
7K4N,2,af2,cons,326,I,I,0,-5.018521850995933,-4.3802355172561995,0.6382863337397335,0.0,0.0,0.0
7K4N,2,af2,cons,327,V,V,0,-3.4936339804504484,-3.347064260286399,0.14656972016404923,0.0,0.0,0.0
7K4N,2,af2,cons,328,R,R,0,-0.10950800938048165,-0.7928264721783278,-0.6833184627978461,0.0,0.0,0.0
7K4N,2,af2,cons,329,F,F,0,-3.3444025124287147,-3.583573709610203,-0.23917119718148827,0.0,0.0,0.0
7K4N,2,af2,cons,330,P,P,0,-5.303794686118614,-5.040777285523175,0.2630174005954391,0.0,0.0,0.0
7K4N,2,af2,cons,331,N,N,0,-0.040756220723966424,-0.02816902116814826,0.012587199555818163,0.0,0.0,0.0
7K4N,2,af2,cons,332,I,I,0,-4.234148637314837,-4.333500704544503,-0.09935206722966594,0.0,0.0,0.0
7K4N,2,af2,cons,333,T,T,0,-0.4678995787422887,-0.6436981104013149,-0.17579853165902615,0.0,0.0,0.0
7K4N,2,af2,cons,334,N,N,0,-2.2014797902326486,-2.44828996819621,-0.2468101779635612,0.0,0.0,0.0
7K4N,2,af2,cons,335,L,L,0,-0.43414201395787244,-0.6287033608135282,-0.19456134685565574,0.0,0.0,0.0
7K4N,2,af2,cons,336,C,C,0,-1.9271044999721931,-2.4325326347934078,-0.5054281348212146,0.0,0.0,0.0
7K4N,2,af2,cons,337,P,P,0,-2.641241908529241,-2.737277211114736,-0.09603530258549497,0.0,0.0,0.0
7K4N,2,af2,cons,338,F,F,0,-5.126338246337659,-4.611117335673441,0.515220910664218,0.0,0.0,0.0
7K4N,2,af2,cons,339,G,D,1,-0.4616926855311594,-2.5428326650389694,-2.0811399795078103,0.0,0.0,0.0
7K4N,2,af2,cons,340,E,E,0,-1.9519028637132874,-2.1615643539230778,-0.2096614902097904,0.0,0.0,0.0
7K4N,2,af2,cons,341,V,V,0,-2.991816345790317,-2.760482069093392,0.23133427669692486,0.0,0.0,0.0
7K4N,2,af2,cons,342,F,F,0,-5.998416221794777,-5.196540221530845,0.801876000263932,0.0,0.0,0.0
7K4N,2,af2,cons,343,N,N,0,-2.2140084662714186,-2.325556023286662,-0.11154755701524355,0.0,0.0,0.0
7K4N,2,af2,cons,344,A,A,0,-2.3476178576845252,-2.264133392325928,0.08348446535859733,0.0,0.0,0.0
7K4N,2,af2,cons,345,T,T,0,-0.571875138347135,-0.642657674553787,-0.07078253620665198,0.0,0.0,0.0
7K4N,2,af2,cons,346,R,R,0,-0.4858219987975185,-0.4182940569452021,0.06752794185231636,0.0,0.0,0.0
7K4N,2,af2,cons,347,F,F,0,-0.5133269579493511,-0.8680365902696946,-0.35470963232034347,0.0,0.0,0.0
7K4N,2,af2,cons,348,A,A,0,-1.2347693848379135,-1.2066268164856395,0.028142568352274022,0.0,0.0,0.0
7K4N,2,af2,cons,349,S,S,0,-3.1399687106453746,-3.1868893058427528,-0.04692059519737812,0.0,0.0,0.0
7K4N,2,af2,cons,350,V,V,0,-1.7133779082565592,-1.8221687099792117,-0.10879080172265243,0.0,0.0,0.0
7K4N,2,af2,cons,351,Y,Y,0,-2.93368255887326,-2.6175992206787955,0.3160833381944643,0.0,0.0,0.0
7K4N,2,af2,cons,352,A,A,0,-1.3701117871070163,-1.5260121262277213,-0.155900339120705,0.0,0.0,0.0
7K4N,2,af2,cons,353,W,W,0,-2.9675194172337562,-2.8464220054629763,0.12109741177077993,0.0,0.0,0.0
7K4N,2,af2,cons,354,N,N,0,-2.38093358839914,-1.3066857541990293,1.0742478342001105,0.0,0.0,0.0
7K4N,2,af2,cons,355,R,R,0,-2.7074404988412017,-1.8497494062238715,0.8576910926173302,0.0,0.0,0.0
7K4N,2,af2,cons,356,K,K,0,-2.0314529084206,-3.9722126644476714,-1.9407597560270715,0.0,0.0,0.0
7K4N,2,af2,cons,357,R,R,0,-2.107511087815869,-2.367635225831291,-0.260124138015422,0.0,0.0,0.0
7K4N,2,af2,cons,358,I,I,0,-5.088190601758812,-5.0233861840571965,0.06480441770161516,0.0,0.0,0.0
7K4N,2,af2,cons,359,S,S,0,-2.5949259442522123,-2.7519195403788896,-0.1569935961266773,0.0,0.0,0.0
7K4N,2,af2,cons,360,N,N,0,-2.7797610867555704,-3.4029261730139293,-0.6231650862583589,0.0,0.0,0.0
7K4N,2,af2,cons,361,C,C,0,-3.5223845513395613,-3.6459276746834477,-0.1235431233438864,0.0,0.0,0.0
7K4N,2,af2,cons,362,V,V,0,-4.780947276679479,-4.6607642408246415,0.12018303585483725,0.0,0.0,0.0
7K4N,2,af2,cons,363,A,A,0,-1.6876750482503322,-2.156193958975289,-0.46851891072495677,0.0,0.0,0.0
7K4N,2,af2,cons,364,D,D,0,-4.738998455564548,-4.303098349679792,0.43590010588475625,0.0,0.0,0.0
7K4N,2,af2,cons,365,Y,Y,0,-7.763027749803086,-6.97118974611102,0.7918380036920665,0.0,0.0,0.0
7K4N,2,af2,cons,366,S,S,0,-4.084867502093048,-3.799004997187187,0.28586250490586096,0.0,0.0,0.0
7K4N,2,af2,cons,367,V,V,0,1.3053537860678206,1.2520688917976233,-0.053284894270197336,0.0,0.0,0.0
7K4N,2,af2,cons,368,L,L,0,-5.097943423692695,-5.1613448609058725,-0.06340143721317748,0.0,0.0,0.0
7K4N,2,af2,cons,369,Y,Y,0,-1.0139874156810902,-3.1715816961765384,-2.157594280495448,0.0,0.0,0.0
7K4N,2,af2,cons,370,N,N,0,-2.0149194660197676,-1.8921836111840578,0.12273585483570981,0.0,0.0,0.0
7K4N,2,af2,cons,371,S,L,1,-2.2452831357804834,-4.028772877906976,-1.7834897421264921,0.0,0.0,0.0
7K4N,2,af2,cons,372,A,A,0,1.7569496168328578,0.19401887490940423,-1.5629307419234535,0.0,0.0,0.0
7K4N,2,af2,cons,373,S,P,1,-2.6434601898762486,-2.881915563398319,-0.23845537352207025,0.0,0.0,0.0
7K4N,2,af2,cons,374,F,F,0,-2.5504946015022583,-0.02521348119785645,2.5252811203044017,0.0,0.0,0.0
7K4N,2,af2,cons,375,S,F,1,-0.5134093060186435,-0.5356448373753382,-0.02223553135669465,0.0,0.0,0.0
7K4N,2,af2,cons,376,T,T,0,-1.7882704471725497,-2.965217841957616,-1.1769473947850664,0.0,0.0,0.0
7K4N,2,af2,cons,377,F,F,0,-2.352401452507976,-2.881380275352522,-0.5289788228445462,0.0,0.0,0.0
7K4N,2,af2,cons,378,K,K,0,-2.7742094754079814,-2.258660918751694,0.5155485566562872,0.0,0.0,0.0
7K4N,2,af2,cons,379,C,C,0,-1.429205980698311,-1.1451319333810759,0.2840740473172352,0.0,0.0,0.0
7K4N,2,af2,cons,380,Y,Y,0,-3.87257355167925,-4.046685131025071,-0.174111579345821,0.0,0.0,0.0
7K4N,2,af2,cons,381,G,G,0,-1.5815738408970246,-1.4163302645713376,0.16524357632568698,0.0,0.0,0.0
7K4N,2,af2,cons,382,V,V,0,-1.2668468867989064,-1.3456075746331602,-0.07876068783425372,0.0,0.0,0.0
7K4N,2,af2,cons,383,S,S,0,-2.4764203073131137,-2.750224454994281,-0.27380414768116745,0.0,0.0,0.0
7K4N,2,af2,cons,384,P,P,0,-5.47925736942888,-5.468601472670018,0.010655896758861694,0.0,0.0,0.0
7K4N,2,af2,cons,385,T,T,0,-1.3010156686191676,-1.7797614124741077,-0.47874574385494006,0.0,0.0,0.0
7K4N,2,af2,cons,386,K,K,0,-2.3618956488377965,-2.121452542401633,0.2404431064361634,0.0,0.0,0.0
7K4N,2,af2,cons,387,L,L,0,-6.282364308545106,-5.289679259429868,0.9926850491152379,0.0,0.0,0.0
7K4N,2,af2,cons,388,N,N,0,-2.6493459471343757,-2.7108217379139488,-0.0614757907795731,0.0,0.0,0.0
7K4N,2,af2,cons,389,D,D,0,-5.287441024676757,-6.585198895412255,-1.2977578707354978,0.0,0.0,0.0
7K4N,2,af2,cons,390,L,L,0,-0.7379562979777474,-0.6969596652659741,0.04099663271177334,0.0,0.0,0.0
7K4N,2,af2,cons,391,C,C,0,-1.534794853724356,-0.8826062812296388,0.6521885724947173,0.0,0.0,0.0
7K4N,2,af2,cons,392,F,F,0,-8.560560830521231,-8.087637335971301,0.47292349454992966,0.0,0.0,0.0
7K4N,2,af2,cons,393,T,T,0,-2.831347626827352,-4.308115776517952,-1.4767681496906002,0.0,0.0,0.0
7K4N,2,af2,cons,394,N,N,0,-3.4749308504286924,-4.452800641160435,-0.9778697907317424,0.0,0.0,0.0
7K4N,2,af2,cons,395,V,V,0,-7.262851051545817,-7.069954946923218,0.19289610462259876,0.0,0.0,0.0
7K4N,2,af2,cons,396,Y,Y,0,-4.696452047130263,-5.348457071635325,-0.6520050245050619,0.0,0.0,0.0
7K4N,2,af2,cons,397,A,A,0,-3.112624779564478,-2.40291086218161,0.7097139173828682,0.0,0.0,0.0
7K4N,2,af2,cons,398,D,D,0,-7.294276430478291,-8.00570344939038,-0.7114270189120884,0.0,0.0,0.0
7K4N,2,af2,cons,399,S,S,0,-4.761459299885306,-3.8642193571568004,0.8972399427285058,0.0,0.0,0.0
7K4N,2,af2,cons,400,F,F,0,-7.956891031308001,-8.16145781456517,-0.20456678325716826,0.0,0.0,0.0
7K4N,2,af2,cons,401,V,V,0,-4.8295840371077405,-4.516079151265981,0.31350488584175995,0.0,0.0,0.0
7K4N,2,af2,cons,402,I,I,0,-6.6643983664341615,-6.363748905571791,0.30064946086237043,0.0,0.0,0.0
7K4N,2,af2,cons,403,R,R,0,-4.293308795621729,-4.337111597005342,-0.043802801383613144,-3.747662027507809e-06,-1.6764593030316535e-05,-1.3016931002808726e-05
7K4N,2,af2,cons,404,G,G,0,-0.8629811852917982,-1.1033249509130947,-0.24034376562129645,0.0,0.0,0.0
7K4N,2,af2,cons,405,D,D,0,-3.4262320034727827,-3.5437843349113844,-0.11755233143860178,0.0,0.0,0.0
7K4N,2,af2,cons,406,E,E,0,-6.602084525774425,-9.233462635913412,-2.6313781101389866,0.0,0.0,0.0
7K4N,2,af2,cons,407,V,V,0,-2.2382412817734743,-2.4962138282689565,-0.2579725464954823,0.0,0.0,0.0
7K4N,2,af2,cons,408,R,R,0,0.27937698879166434,0.3402794461068199,0.06090245731515559,0.0,0.0,0.0
7K4N,2,af2,cons,409,Q,Q,0,-6.850234617541369,-7.725607386821572,-0.8753727692802036,0.0,0.0,0.0
7K4N,2,af2,cons,410,I,I,0,-3.2986500759613455,-3.2729470088416535,0.025703067119692058,0.0,0.0,0.0
7K4N,2,af2,cons,411,A,A,0,-0.8646622382422606,-0.8964153595444786,-0.03175312130221797,0.0,0.0,0.0
7K4N,2,af2,cons,412,P,P,0,-6.399284334620378,-5.5821990008598945,0.8170853337604838,0.0,0.0,0.0
7K4N,2,af2,cons,413,G,G,0,-2.413248202146697,-2.133931406397428,0.2793167957492688,0.0,0.0,0.0
7K4N,2,af2,cons,414,Q,Q,0,-3.753420733985028,-3.2415879306931754,0.5118328032918527,0.0,0.0,0.0
7K4N,2,af2,cons,415,T,T,0,-1.6641465672177524,-1.5683767850388095,0.09576978217894294,0.0,0.0,0.0
7K4N,2,af2,cons,416,G,G,0,-3.2024370780719136,-3.017956720250942,0.18448035782097172,0.0,0.0,0.0
7K4N,2,af2,cons,417,K,N,1,-0.8578823242156115,-0.23844529973900214,0.6194370244766094,-0.20908886246551747,0.0,0.20908886246551747
7K4N,2,af2,cons,418,I,I,0,-6.204865280166421,-6.952530840777374,-0.7476655606109537,0.0,0.0,0.0
7K4N,2,af2,cons,419,A,A,0,-2.037967083042089,-2.73533823680518,-0.6973711537630911,0.0,0.0,0.0
7K4N,2,af2,cons,420,D,D,0,-6.818198777260099,-6.803237069294971,0.014961707965127857,0.0,0.0,0.0
7K4N,2,af2,cons,421,Y,Y,0,-1.6189413716747185,-1.0900077509029902,0.5289336207717283,0.0035321640912924003,-0.007259395835402471,-0.010791559926694871
7K4N,2,af2,cons,422,N,N,0,-4.40367183546466,-4.665513311403331,-0.26184147593867113,0.0,0.0,0.0
7K4N,2,af2,cons,423,Y,Y,0,-5.5557464092143665,-5.952269159301493,-0.3965227500871267,0.0,0.0,0.0
7K4N,2,af2,cons,424,K,K,0,-2.8156468998294666,-2.870970129019779,-0.05532322919031252,0.0,0.0,0.0
7K4N,2,af2,cons,425,L,L,0,-5.8691205064617495,-6.380447840497897,-0.5113273340361477,0.0,0.0,0.0
7K4N,2,af2,cons,426,P,P,0,-5.401972721396442,-5.295639907153723,0.10633281424271868,0.0,0.0,0.0
7K4N,2,af2,cons,427,D,D,0,-1.9068635981536943,-2.0763169622037885,-0.16945336405009415,0.0,0.0,0.0
7K4N,2,af2,cons,428,D,D,0,-0.5702462394120678,-0.4980805560712129,0.07216568334085488,0.0,0.0,0.0
7K4N,2,af2,cons,429,F,F,0,-4.369993157978916,-5.185534688328916,-0.81554153035,0.0,0.0,0.0
7K4N,2,af2,cons,430,T,T,0,-3.6087504288263994,-1.9884625781583514,1.620287850668048,0.0,0.0,0.0
7K4N,2,af2,cons,431,G,G,0,-5.506304498656082,-5.3044258027367635,0.2018786959193184,0.0,0.0,0.0
7K4N,2,af2,cons,432,C,C,0,-3.7164005145831758,-3.690602892794324,0.02579762178885181,0.0,0.0,0.0
7K4N,2,af2,cons,433,V,V,0,-6.457129190307557,-6.991072202859055,-0.5339430125514975,0.0,0.0,0.0
7K4N,2,af2,cons,434,I,I,0,-6.132347195027104,-5.693330312174215,0.4390168828528891,0.0,0.0,0.0
7K4N,2,af2,cons,435,A,A,0,-6.7566794437566715,-5.4252335771647795,1.331445866591892,0.0,0.0,0.0
7K4N,2,af2,cons,436,W,W,0,-3.975402746996447,-3.2591805149900237,0.7162222320064231,0.0,0.0,0.0
7K4N,2,af2,cons,437,N,N,0,-2.734915378592268,-3.3543929141764472,-0.6194775355841791,0.0,0.0,0.0
7K4N,2,af2,cons,438,S,S,0,-4.328984661987168,-4.162281503888585,0.16670315809858316,0.0,0.0,0.0
7K4N,2,af2,cons,439,N,N,0,-1.3461423227291511,-1.4644594843431493,-0.11831716161399819,0.0,0.0,0.0
7K4N,2,af2,cons,440,N,K,1,-0.12564811454743094,-0.1941934634373572,-0.06854534888992625,0.0,0.0,0.0
7K4N,2,af2,cons,441,L,L,0,0.14006145953960394,-0.0013084830942129075,-0.14136994263381686,0.0,0.0,0.0
7K4N,2,af2,cons,442,D,D,0,-9.347462588905232,-8.956738571166113,0.39072401773911913,0.0,0.0,0.0
7K4N,2,af2,cons,443,S,S,0,-1.9268066272049613,-2.205516516517103,-0.2787098893121418,0.0,0.0,0.0
7K4N,2,af2,cons,444,K,K,0,-2.5659274369673057,-1.2430062848515508,1.322921152115755,0.0,0.0,0.0
7K4N,2,af2,cons,445,V,V,0,1.523517630435152,1.1040366146242233,-0.4194810158109288,0.0,0.0,0.0
7K4N,2,af2,cons,446,G,S,1,-3.4202353856954284,-1.2402684716751884,2.1799669140202402,0.0,0.0,0.0
7K4N,2,af2,cons,447,G,G,0,-3.4775029630405587,-3.046728524370795,0.4307744386697636,0.0,0.0,0.0
7K4N,2,af2,cons,448,N,N,0,-4.389292471948612,-3.1141034703457833,1.2751890016028287,0.0,0.0,0.0
7K4N,2,af2,cons,449,Y,Y,0,-1.343504907066936,-0.5484305821741194,0.7950743248928166,0.0,0.0,0.0
7K4N,2,af2,cons,450,N,N,0,-0.8734820367908196,-1.9156033036803009,-1.0421212668894813,0.0,0.0,0.0
7K4N,2,af2,cons,451,Y,Y,0,-5.2916092391284115,-6.159224711112856,-0.8676154719844442,0.0,0.0,0.0
7K4N,2,af2,cons,452,L,L,0,-3.6948162479511635,-2.8484951666686356,0.8463210812825279,0.0,0.0,0.0
7K4N,2,af2,cons,453,Y,Y,0,-6.479373425392756,-5.223228825344848,1.2561446000479082,-0.0722206563914202,-0.06758746017430986,0.004633196217110336
7K4N,2,af2,cons,454,R,R,0,-5.105415857274512,-5.3121749429290555,-0.20675908565454382,0.0,0.0,0.0
7K4N,2,af2,cons,455,L,L,0,-4.178854021535971,-3.110034449478596,1.0688195720573748,-2.4555668830312025,-2.4825013086743954,-0.026934425643192927
7K4N,2,af2,cons,456,F,F,0,-4.2848734366162695,-4.773380048896111,-0.48850661227984116,-0.9030163905164625,-1.2082844538056436,-0.3052680632891811
7K4N,2,af2,cons,457,R,R,0,-1.6444996742544644,-1.4009218420025733,0.2435778322518911,-0.013567615546079506,-0.0007730255950813003,0.012794589950998206
7K4N,2,af2,cons,458,K,K,0,-1.6536607514268111,-1.672765763248568,-0.019105011821756834,-6.71253045685799e-06,0.0,6.71253045685799e-06
7K4N,2,af2,cons,459,S,S,0,-1.8603187523098017,-1.7002154887174725,0.16010326359232918,0.0,0.0,0.0
7K4N,2,af2,cons,460,N,N,0,-1.2571820894475336,-1.2166848190288886,0.04049727041864504,0.0,0.0,0.0
7K4N,2,af2,cons,461,L,L,0,-4.052130646186518,-3.813200517994984,0.2389301281915337,0.0,0.0,0.0
7K4N,2,af2,cons,462,K,K,0,-2.6654617386673913,-2.642235128514632,0.023226610152759175,0.0,0.0,0.0
7K4N,2,af2,cons,463,P,P,0,-4.805734224336292,-5.050429028375251,-0.24469480403895894,0.0,0.0,0.0
7K4N,2,af2,cons,464,F,F,0,-1.6790874007733811,-1.5974984879574385,0.0815889128159426,0.0,0.0,0.0
7K4N,2,af2,cons,465,E,E,0,-5.1146337209809944,-4.949052769372391,0.16558095160860375,0.0,0.0,0.0
7K4N,2,af2,cons,466,R,R,0,-0.8817110852865215,-0.9408271104993383,-0.05911602521281678,0.0,0.0,0.0
7K4N,2,af2,cons,467,D,D,0,-5.2265901091431894,-4.930330682330323,0.2962594268128669,0.0,0.0,0.0
7K4N,2,af2,cons,468,I,I,0,1.1431872294926633,0.6456742030729911,-0.4975130264196722,0.0,0.0,0.0
7K4N,2,af2,cons,469,S,S,0,-3.5420267764488504,-3.535474489361971,0.0065522870868792715,0.0,0.0,0.0
7K4N,2,af2,cons,470,T,T,0,-1.2116129264585447,-0.5910894693872586,0.6205234570712861,0.0,0.0,0.0
7K4N,2,af2,cons,471,E,E,0,-3.3630469708902435,-3.2756500556903867,0.08739691519985682,0.0,0.0,0.0
7K4N,2,af2,cons,472,I,I,0,-2.9181040317907962,-3.498919062934966,-0.5808150311441698,0.0,0.0,0.0
7K4N,2,af2,cons,473,Y,Y,0,-5.806802786802555,-6.011697047567954,-0.20489426076539896,-2.335508708111397,-2.294089499933039,0.04141920817835798
7K4N,2,af2,cons,474,Q,Q,0,-1.3720294303100247,-2.4093222037956807,-1.037292773485656,0.04137652231766887,0.10100199755114425,0.05962547523347538
7K4N,2,af2,cons,475,A,A,0,-3.9876429636361963,-4.130027091052159,-0.1423841274159625,-3.649975699686812,-3.8771638836275066,-0.22718818394069462
7K4N,2,af2,cons,476,G,G,0,-1.7109358673639237,-2.1317964006504564,-0.4208605332865327,-3.026837585429257,-3.1837953867852216,-0.1569578013559645
7K4N,2,af2,cons,477,S,N,1,-2.6716413840338937,-1.5594459503921614,1.1121954336417323,-6.392430884565471,-3.9442515282934982,2.4481793562719725
7K4N,2,af2,cons,478,T,K,1,-2.279541420778314,-0.3411825307917888,1.9383588899865252,-7.022750859905798,-4.663586723533865,2.359164136371933
7K4N,2,af2,cons,479,P,P,0,-5.739193100839016,-2.879859880686752,2.8593332201522634,-2.3958749947238256,0.13015215753437295,2.5260271522581985
7K4N,2,af2,cons,480,C,C,0,0.5773124521225594,-0.5269461971370833,-1.1042586492596427,0.07375222375864122,0.03309374277606483,-0.04065848098257639
7K4N,2,af2,cons,481,N,N,0,1.9014381648592837,-1.2971880493864152,-3.198626214245699,0.14359571946311422,-0.03531327623962981,-0.17890899570274404
7K4N,2,af2,cons,482,G,G,0,-1.618737492199672,-1.9849923932648468,-0.3662549010651748,0.0,0.0,0.0
7K4N,2,af2,cons,483,V,V,0,0.817125422793494,-1.007232533239998,-1.824357956033492,-2.0599783328187864,-0.3012713058652059,1.7587070269535805
7K4N,2,af2,cons,484,E,A,1,-3.211139082562822,-3.7637288203200736,-0.5525897377572515,-5.8824766629337955,-2.812686914353731,3.0697897485800643
7K4N,2,af2,cons,485,G,G,0,-0.8549774864181885,-4.989243144279734,-4.134265657861546,-1.5036440793312562,-3.914568102810775,-2.410924023479519
7K4N,2,af2,cons,486,F,F,0,-0.8442706848071417,-0.9770087924751423,-0.13273810766800054,-8.70001397244523,-9.549792788830803,-0.8497788163855731
7K4N,2,af2,cons,487,N,N,0,-5.679079022647533,-5.578632699863516,0.1004463227840171,-2.3166858276268316,-1.4896774821986607,0.8270083454281709
7K4N,2,af2,cons,488,C,C,0,-1.1423246839033523,-1.5067027178844525,-0.36437803398110025,-0.2494441382429666,-0.33480998084101066,-0.08536584259804406
7K4N,2,af2,cons,489,Y,Y,0,-5.508674638236216,-5.326420886312416,0.1822537519237999,-2.6323528312973847,-5.066812392798452,-2.4344595615010673
7K4N,2,af2,cons,490,F,F,0,0.8688686278409619,1.3770013777428107,0.5081327499018489,-0.0002924177080495943,-0.6978554472786473,-0.6975630295705978
7K4N,2,af2,cons,491,P,P,0,-7.4725931901948695,-6.731279095089071,0.7413140951057988,0.0,0.0,0.0
7K4N,2,af2,cons,492,L,L,0,-5.021313790475137,-4.0421915385222,0.979122251952937,-3.274308935270753e-08,-0.011246561250774095,-0.011246528507684742
7K4N,2,af2,cons,493,Q,R,1,-5.208357716266982,-2.5141373883266485,2.6942203279403336,-2.7853666911626638,-2.465540549079635,0.31982614208302884
7K4N,2,af2,cons,494,S,S,0,-2.005419799975662,-1.313237472606991,0.6921823273686709,-1.5360893050716997e-06,-4.026483349637409e-06,-2.4903940445657095e-06
7K4N,2,af2,cons,495,Y,Y,0,-5.175576304448396,-5.103457502015992,0.07211880243240376,0.0,0.0,0.0
7K4N,2,af2,cons,496,G,S,1,-1.7137632842837978,-0.9486085235541122,0.7651547607296856,0.0,0.0,0.0
7K4N,2,af2,cons,497,F,F,0,-6.235732074205769,-6.162194763933361,0.07353731027240773,0.0,0.0,0.0
7K4N,2,af2,cons,498,Q,R,1,-0.9867209895758973,-0.9937226129395289,-0.007001623363631637,0.0,0.0,0.0
7K4N,2,af2,cons,499,P,P,0,-3.656633432309768,-3.848773995820795,-0.19214056351102737,0.0,0.0,0.0
7K4N,2,af2,cons,500,T,T,0,0.7108887112847921,0.5076679741044507,-0.2032207371803414,0.0,0.0,0.0
7K4N,2,af2,cons,501,N,Y,1,-2.424207821036357,-1.2689244894342326,1.1552833316021245,0.0,0.0,0.0
7K4N,2,af2,cons,502,G,G,0,0.6465881144103288,0.5462921983319408,-0.10029591607838806,0.0,0.0,0.0
7K4N,2,af2,cons,503,V,V,0,1.3611855844759766,1.6187579473825755,0.2575723629065989,0.0,0.0,0.0
7K4N,2,af2,cons,504,G,G,0,-1.9838816264154038,-1.628255140226629,0.3556264861887748,0.0,0.0,0.0
7K4N,2,af2,cons,505,Y,H,1,-1.2753923031034071,-2.355710029080534,-1.080317725977127,0.0,0.0,0.0
7K4N,2,af2,cons,506,Q,Q,0,-6.126526685355972,-5.871995809588106,0.25453087576786615,0.0,0.0,0.0
7K4N,2,af2,cons,507,P,P,0,-7.1914959138765235,-7.352363892209689,-0.16086797833316524,0.0,0.0,0.0
7K4N,2,af2,cons,508,Y,Y,0,-3.3307812577410907,-3.4459426751327467,-0.11516141739165597,0.0,0.0,0.0
7K4N,2,af2,cons,509,R,R,0,-7.330198568859329,-7.262579551942271,0.06761901691705763,0.0,0.0,0.0
7K4N,2,af2,cons,510,V,V,0,-6.611229667288555,-6.793611636716188,-0.18238196942763274,0.0,0.0,0.0
7K4N,2,af2,cons,511,V,V,0,-7.807018939005998,-7.735846651644522,0.07117228736147574,0.0,0.0,0.0
7K4N,2,af2,cons,512,V,V,0,-6.625180248276652,-6.899531344656534,-0.2743510963798821,0.0,0.0,0.0
7K4N,2,af2,cons,513,L,L,0,-7.899323644444146,-8.198652581157969,-0.299328936713823,0.0,0.0,0.0
7K4N,2,af2,cons,514,S,S,0,-4.013726548264368,-4.104521089023779,-0.0907945407594104,0.0,0.0,0.0
7K4N,2,af2,cons,515,F,F,0,-4.905331274544516,-5.0061798596285625,-0.10084858508404615,0.0,0.0,0.0
7K4N,2,af2,cons,516,E,E,0,-4.5316677885942545,-5.982237189551272,-1.4505694009570176,0.0,0.0,0.0
7K4N,2,af2,cons,517,L,L,0,-0.46017323706455354,0.5841481760851597,1.0443214131497132,0.0,0.0,0.0
7K4N,2,af2,cons,518,L,L,0,2.4458323032232636,-0.025186538487593613,-2.4710188417108574,0.0,0.0,0.0
7K4N,2,af2,cons,519,H,H,0,-0.04857648853039631,1.2493693586415557,1.297945847171952,0.0,0.0,0.0
7K4N,2,af2,cons,520,A,A,0,0.09985912587536597,0.408297883996409,0.30843875812104304,0.0,0.0,0.0
7K4N,2,af2,cons,521,P,P,0,-3.080973994107536,-3.7725942091164395,-0.6916202150089035,0.0,0.0,0.0
7K4N,2,af2,cons,522,A,A,0,-2.5686166399156463,-1.816846835802961,0.7517698041126852,0.0,0.0,0.0
7K4N,2,af2,cons,523,T,T,0,-4.597490014501126,-4.892631696220252,-0.2951416817191257,0.0,0.0,0.0
7K4N,2,af2,cons,524,V,V,0,-6.27869041786166,-6.114247520985995,0.1644428968756646,0.0,0.0,0.0
7K4N,2,af2,cons,525,C,C,0,-2.642260911787246,-2.7227887563048383,-0.08052784451759232,0.0,0.0,0.0
7K4N,2,af2,cons,526,G,G,0,-2.223484550906369,-0.8680153476026928,1.3554692033036762,0.0,0.0,0.0
7K4N,2,af2,cons,527,P,P,0,-2.3283640792320526,-3.622830060235712,-1.2944659810036594,0.0,0.0,0.0
7K4N,2,af2,cons,528,K,K,0,-3.1448142096138145,-3.7008322750009963,-0.5560180653871818,0.0,0.0,0.0
7K4N,2,af2,cons,529,K,K,0,-0.9786708935379103,-0.7662290077418523,0.21244188579605794,0.0,0.0,0.0
7K4N,2,af2,cons,530,S,S,0,-2.4315770455522987,-2.2241279978373543,0.20744904771494443,0.0,0.0,0.0
7K4N,2,af2,cons,531,T,T,0,-2.5964191012493036,-2.750650137674821,-0.1542310364255175,0.0,0.0,0.0
7K4N,2,af2,cons,532,N,N,0,-0.3331379628535062,-0.48060859785967336,-0.14747063500616714,0.0,0.0,0.0
7K4N,2,af2,cons,533,L,L,0,-1.085602643281933,-1.4040946555708276,-0.31849201228889457,0.0,0.0,0.0
7K4N,2,af2,cons,534,V,V,0,-2.0358301884425876,-1.9688691956402022,0.06696099280238532,0.0,0.0,0.0
7K4N,2,af2,cons,535,K,K,0,-0.38490640871352133,-0.27542386044679645,0.10948254826672488,0.0,0.0,0.0
7K4N,2,af2,cons,536,N,N,0,-1.0217896354900242,-1.0052580345493483,0.01653160094067596,0.0,0.0,0.0
7K4N,2,af2,cons,537,K,K,0,-1.9629673523183573,-1.1763194870332934,0.7866478652850639,0.0,0.0,0.0
7K4N,2,af2,cons,538,C,C,0,-1.8507618915205633,-1.8975864665660542,-0.04682457504549098,0.0,0.0,0.0
7K4N,2,af2,cons,539,V,V,0,-2.7554341205476787,-3.4043379174717026,-0.6489037969240239,0.0,0.0,0.0
7K4N,2,af2,cons,540,N,N,0,-3.6413754423079108,-3.880149840246358,-0.23877439793844735,0.0,0.0,0.0
7K4N,2,af2,cons,541,F,F,0,0.5629666023916914,0.3180513009047297,-0.24491530148696167,0.0,0.0,0.0
7K4N,2,af2,free,320,V,V,0,0.665511954053273,0.6911944085281034,0.02568245447483042,0.0,0.0,0.0
7K4N,2,af2,free,321,Q,Q,0,-0.4610804051583573,-0.5562116303704843,-0.09513122521212697,0.0,0.0,0.0
7K4N,2,af2,free,322,P,P,0,-6.080819139635924,-5.971078326765558,0.10974081287036608,0.0,0.0,0.0
7K4N,2,af2,free,323,T,T,0,-0.6843552658129397,-0.9936165679442468,-0.3092613021313071,0.0,0.0,0.0
7K4N,2,af2,free,324,E,E,0,-2.6860255723099593,-2.483534741113483,0.20249083119647615,0.0,0.0,0.0
7K4N,2,af2,free,325,S,S,0,-1.2998966275049164,-0.6839470086187315,0.6159496188861849,0.0,0.0,0.0
7K4N,2,af2,free,326,I,I,0,-5.05067950419869,-4.318773735511939,0.731905768686751,0.0,0.0,0.0
7K4N,2,af2,free,327,V,V,0,-3.4998620365428543,-3.3207423951671293,0.179119641375725,0.0,0.0,0.0
7K4N,2,af2,free,328,R,R,0,-0.13508337554946986,-0.6855601039295072,-0.5504767283800374,0.0,0.0,0.0
7K4N,2,af2,free,329,F,F,0,-3.4422959792115964,-3.6264570973435353,-0.18416111813193892,0.0,0.0,0.0
7K4N,2,af2,free,330,P,P,0,-5.27977533544227,-5.257011853620399,0.0227634818218716,0.0,0.0,0.0
7K4N,2,af2,free,331,N,N,0,-0.006494152809115916,-0.5055287072477364,-0.49903455443862044,0.0,0.0,0.0
7K4N,2,af2,free,332,I,I,0,-4.302935542025481,-3.045597064861814,1.257338477163667,0.0,0.0,0.0
7K4N,2,af2,free,333,T,T,0,-0.45617987207188654,-0.7605821759075218,-0.3044023038356352,0.0,0.0,0.0
7K4N,2,af2,free,334,N,N,0,-2.2273031439557434,-2.0566358742589994,0.17066726969674395,0.0,0.0,0.0
7K4N,2,af2,free,335,L,L,0,-0.42022647562489307,-0.5250425546184387,-0.10481607899354567,0.0,0.0,0.0
7K4N,2,af2,free,336,C,C,0,-1.8323691555566626,-2.1820977671114288,-0.3497286115547662,0.0,0.0,0.0
7K4N,2,af2,free,337,P,P,0,-2.681395698676112,-2.911593594061822,-0.23019789538571,0.0,0.0,0.0
7K4N,2,af2,free,338,F,F,0,-5.058706911818224,-4.809901262955341,0.24880564886288337,0.0,0.0,0.0
7K4N,2,af2,free,339,G,D,1,-0.3852236837731841,-2.604571167839765,-2.219347484066581,0.0,0.0,0.0
7K4N,2,af2,free,340,E,E,0,-1.8669813113451899,-2.034413685522579,-0.1674323741773891,0.0,0.0,0.0
7K4N,2,af2,free,341,V,V,0,-2.6929265763663013,-2.7282012990501547,-0.035274722683853454,0.0,0.0,0.0
7K4N,2,af2,free,342,F,F,0,-6.16078100681272,-5.473778570257434,0.6870024365552858,0.0,0.0,0.0
7K4N,2,af2,free,343,N,N,0,-2.195627058234754,-2.209358901249263,-0.013731843014509248,0.0,0.0,0.0
7K4N,2,af2,free,344,A,A,0,-2.3116218413318834,-1.829470711707172,0.4821511296247114,0.0,0.0,0.0
7K4N,2,af2,free,345,T,T,0,-0.6122886291401224,0.2980470845385685,0.9103357136786909,0.0,0.0,0.0
7K4N,2,af2,free,346,R,R,0,-0.5141228594798909,-0.99474560198815,-0.4806227425082591,0.0,0.0,0.0
7K4N,2,af2,free,347,F,F,0,-0.7024381534523307,-1.1568111246874166,-0.4543729712350859,0.0,0.0,0.0
7K4N,2,af2,free,348,A,A,0,-1.2181211570098416,-1.3364075752250448,-0.11828641821520325,0.0,0.0,0.0
7K4N,2,af2,free,349,S,S,0,-3.2665573319632637,-2.9038427107569613,0.3627146212063024,0.0,0.0,0.0
7K4N,2,af2,free,350,V,V,0,-1.9354938831791773,-1.5366636148009136,0.39883026837826363,0.0,0.0,0.0
7K4N,2,af2,free,351,Y,Y,0,-2.890309375623759,-2.516214948640719,0.37409442698303996,0.0,0.0,0.0
7K4N,2,af2,free,352,A,A,0,-1.4414116573352103,-1.5341288604495216,-0.09271720311431131,0.0,0.0,0.0
7K4N,2,af2,free,353,W,W,0,-2.933695130087454,-2.2646175751670095,0.6690775549204444,0.0,0.0,0.0
7K4N,2,af2,free,354,N,N,0,-1.402119011360781,-0.8824315355813247,0.5196874757794564,0.0,0.0,0.0
7K4N,2,af2,free,355,R,R,0,-2.198190498867267,-1.7690194110058002,0.42917108786146674,0.0,0.0,0.0
7K4N,2,af2,free,356,K,K,0,-2.2538105218511992,-3.324971282486435,-1.0711607606352356,0.0,0.0,0.0
7K4N,2,af2,free,357,R,R,0,-2.044507965590629,-2.338927235850159,-0.29441927025952985,0.0,0.0,0.0
7K4N,2,af2,free,358,I,I,0,-5.0707447986471275,-5.3522223272999385,-0.28147752865281106,0.0,0.0,0.0
7K4N,2,af2,free,359,S,S,0,-2.552603646276471,-2.6193814407704856,-0.06677779449401466,0.0,0.0,0.0
7K4N,2,af2,free,360,N,N,0,-2.7797445145409023,-3.784165865118159,-1.0044213505772568,0.0,0.0,0.0
7K4N,2,af2,free,361,C,C,0,-3.5613020012450383,-3.6065349328182448,-0.045232931573206514,0.0,0.0,0.0
7K4N,2,af2,free,362,V,V,0,-4.851913394487297,-4.2323715816667535,0.6195418128205432,0.0,0.0,0.0
7K4N,2,af2,free,363,A,A,0,-1.6999998786039978,-2.020024864075023,-0.3200249854710251,0.0,0.0,0.0
7K4N,2,af2,free,364,D,D,0,-4.546646530826304,-4.339023228898081,0.20762330192822276,0.0,0.0,0.0
7K4N,2,af2,free,365,Y,Y,0,-7.706680343777806,-6.90058885996447,0.8060914838133355,0.0,0.0,0.0
7K4N,2,af2,free,366,S,S,0,-4.592891131546111,-3.8329187694449764,0.7599723621011343,0.0,0.0,0.0
7K4N,2,af2,free,367,V,V,0,1.2837834194489686,1.2907668371549348,0.006983417705966222,0.0,0.0,0.0
7K4N,2,af2,free,368,L,L,0,-6.37990749293141,-5.196605317508364,1.1833021754230453,0.0,0.0,0.0
7K4N,2,af2,free,369,Y,Y,0,-0.743265076054069,-3.2299051657086677,-2.486640089654599,0.0,0.0,0.0
7K4N,2,af2,free,370,N,N,0,-1.8439652241934277,-1.828093785342584,0.015871438850843633,0.0,0.0,0.0
7K4N,2,af2,free,371,S,L,1,-1.1276083367283671,-4.033935293488406,-2.9063269567600383,0.0,0.0,0.0
7K4N,2,af2,free,372,A,A,0,1.7583952668440537,0.19962661537059817,-1.5587686514734556,0.0,0.0,0.0
7K4N,2,af2,free,373,S,P,1,-3.0552490899457743,-2.887896368405346,0.16735272154042846,0.0,0.0,0.0
7K4N,2,af2,free,374,F,F,0,-2.704925595661206,-0.004619909954324909,2.7003056857068812,0.0,0.0,0.0
7K4N,2,af2,free,375,S,F,1,-0.5551560244628204,-0.5352269949126028,0.01992902955021758,0.0,0.0,0.0
7K4N,2,af2,free,376,T,T,0,-1.8785096616198445,-2.919844942271435,-1.0413352806515905,0.0,0.0,0.0
7K4N,2,af2,free,377,F,F,0,-2.5871943843763106,-2.7052530019727317,-0.11805861759642111,0.0,0.0,0.0
7K4N,2,af2,free,378,K,K,0,-2.9569947469325717,-2.256495181806467,0.7004995651261048,0.0,0.0,0.0
7K4N,2,af2,free,379,C,C,0,-1.5638625309713354,-0.9139161748404978,0.6499463561308376,0.0,0.0,0.0
7K4N,2,af2,free,380,Y,Y,0,-3.9364766987345,-3.7613037187585228,0.17517297997597714,0.0,0.0,0.0
7K4N,2,af2,free,381,G,G,0,-1.4072227816291247,-1.5570319767714482,-0.1498091951423235,0.0,0.0,0.0
7K4N,2,af2,free,382,V,V,0,-1.2536781854895087,-1.4943043831271297,-0.24062619763762094,0.0,0.0,0.0
7K4N,2,af2,free,383,S,S,0,-2.4878151408130367,-2.798157248862678,-0.31034210804964113,0.0,0.0,0.0
7K4N,2,af2,free,384,P,P,0,-5.339469996746661,-5.437077411133255,-0.09760741438659437,0.0,0.0,0.0
7K4N,2,af2,free,385,T,T,0,-1.053506445997491,-1.8687716927804081,-0.8152652467829171,0.0,0.0,0.0
7K4N,2,af2,free,386,K,K,0,-2.333166867780372,-2.5875963351273064,-0.2544294673469345,0.0,0.0,0.0
7K4N,2,af2,free,387,L,L,0,-5.9994947235238865,-5.560500043332295,0.43899468019159116,0.0,0.0,0.0
7K4N,2,af2,free,388,N,N,0,-2.6114841961718285,-2.6365727176628755,-0.02508852149104701,0.0,0.0,0.0
7K4N,2,af2,free,389,D,D,0,-5.391162888330997,-5.297702289876258,0.09346059845473853,0.0,0.0,0.0
7K4N,2,af2,free,390,L,L,0,-0.532724241244602,-0.8473384267979112,-0.3146141855533091,0.0,0.0,0.0
7K4N,2,af2,free,391,C,C,0,-1.6102892310408885,-0.7873321289319031,0.8229571021089854,0.0,0.0,0.0
7K4N,2,af2,free,392,F,F,0,-7.936038749944914,-7.7617114742258755,0.1743272757190386,0.0,0.0,0.0
7K4N,2,af2,free,393,T,T,0,-2.485174958301863,-4.113922748472712,-1.628747790170849,0.0,0.0,0.0
7K4N,2,af2,free,394,N,N,0,-3.2961103291114413,-4.640608968326521,-1.3444986392150793,0.0,0.0,0.0
7K4N,2,af2,free,395,V,V,0,-7.240241685333897,-7.110846515412756,0.12939516992114175,0.0,0.0,0.0
7K4N,2,af2,free,396,Y,Y,0,-4.54387614314708,-5.305158308372821,-0.7612821652257411,0.0,0.0,0.0
7K4N,2,af2,free,397,A,A,0,-2.810892024977129,-2.7238174957139956,0.08707452926313364,0.0,0.0,0.0
7K4N,2,af2,free,398,D,D,0,-8.095293122415127,-8.122761428962615,-0.027468306547488552,0.0,0.0,0.0
7K4N,2,af2,free,399,S,S,0,-3.550476160296899,-3.8707142156023773,-0.3202380553054782,0.0,0.0,0.0
7K4N,2,af2,free,400,F,F,0,-8.191055955528777,-8.087117922726218,0.10393803280255831,0.0,0.0,0.0
7K4N,2,af2,free,401,V,V,0,-4.636626225521053,-4.375453879161384,0.2611723463596691,0.0,0.0,0.0
7K4N,2,af2,free,402,I,I,0,-6.627016821748849,-6.371134443045519,0.25588237870332975,0.0,0.0,0.0
7K4N,2,af2,free,403,R,R,0,-4.428834034562443,-4.424584741042181,0.004249293520262043,0.0,0.0,0.0
7K4N,2,af2,free,404,G,G,0,-0.5071313075433499,-1.0264737489282314,-0.5193424413848815,0.0,0.0,0.0
7K4N,2,af2,free,405,D,D,0,-3.3980603938132408,-3.44721843958749,-0.04915804577424909,0.0,0.0,0.0
7K4N,2,af2,free,406,E,E,0,-6.684033195743542,-9.60641634423207,-2.922383148488528,0.0,0.0,0.0
7K4N,2,af2,free,407,V,V,0,-2.482600187347741,-2.3615234505707314,0.12107673677700959,0.0,0.0,0.0
7K4N,2,af2,free,408,R,R,0,0.05353521070956013,0.49020568079198745,0.4366704700824273,0.0,0.0,0.0
7K4N,2,af2,free,409,Q,Q,0,-6.804128221912536,-7.52086079651612,-0.7167325746035837,0.0,0.0,0.0
7K4N,2,af2,free,410,I,I,0,-3.1484861129540667,-3.476252342912292,-0.32776622995822535,0.0,0.0,0.0
7K4N,2,af2,free,411,A,A,0,-0.82740863899304,-1.0842560404611006,-0.2568474014680606,0.0,0.0,0.0
7K4N,2,af2,free,412,P,P,0,-6.056386507970585,-5.824295577010393,0.23209093096019284,0.0,0.0,0.0
7K4N,2,af2,free,413,G,G,0,-2.8543037728443688,-2.138648361805864,0.7156554110385049,0.0,0.0,0.0
7K4N,2,af2,free,414,Q,Q,0,-3.217907187797725,-2.928977480541038,0.28892970725668743,0.0,0.0,0.0
7K4N,2,af2,free,415,T,T,0,-1.706705567706525,-1.2701892699118087,0.43651629779471635,0.0,0.0,0.0
7K4N,2,af2,free,416,G,G,0,-3.1278355969276475,-3.3818389143570053,-0.2540033174293579,0.0,0.0,0.0
7K4N,2,af2,free,417,K,N,1,-0.570698548798065,-0.13294245099143337,0.43775609780663166,-0.10200627765466111,0.0,0.10200627765466111
7K4N,2,af2,free,418,I,I,0,-5.16772922820241,-6.850299718491849,-1.6825704902894385,0.0,0.0,0.0
7K4N,2,af2,free,419,A,A,0,-2.9482638288310987,-2.0726675580751754,0.8755962707559233,0.0,0.0,0.0
7K4N,2,af2,free,420,D,D,0,-6.453668155058486,-7.612976089992511,-1.1593079349340254,0.0,0.0,0.0
7K4N,2,af2,free,421,Y,Y,0,-2.8842445496488374,-1.3425319074573323,1.541712642191505,0.004642544991580051,-0.02113572778593928,-0.02577827277751933
7K4N,2,af2,free,422,N,N,0,-3.943839828962617,-4.697949614616203,-0.7541097856535859,0.0,0.0,0.0
7K4N,2,af2,free,423,Y,Y,0,-5.875138492916183,-5.578185570812104,0.2969529221040794,0.0,0.0,0.0
7K4N,2,af2,free,424,K,K,0,-2.8947162545304796,-2.4772709183320116,0.417445336198468,0.0,0.0,0.0
7K4N,2,af2,free,425,L,L,0,-6.044011070032484,-7.171328168375049,-1.1273170983425649,0.0,0.0,0.0
7K4N,2,af2,free,426,P,P,0,-5.288574086989498,-5.587287798577233,-0.29871371158773474,0.0,0.0,0.0
7K4N,2,af2,free,427,D,D,0,-2.2781212983464885,-1.2718386738242988,1.0062826245221896,0.0,0.0,0.0
7K4N,2,af2,free,428,D,D,0,-0.5713114481461479,-0.6483321143173055,-0.07702066617115766,0.0,0.0,0.0
7K4N,2,af2,free,429,F,F,0,-4.56282516311527,-4.457579253163707,0.10524590995156302,0.0,0.0,0.0
7K4N,2,af2,free,430,T,T,0,-2.417089322976429,-3.3151285627741935,-0.8980392397977646,0.0,0.0,0.0
7K4N,2,af2,free,431,G,G,0,-5.373965166766153,-5.576969661580251,-0.2030044948140981,0.0,0.0,0.0
7K4N,2,af2,free,432,C,C,0,-3.69947882975828,-3.6824245570333405,0.017054272724939423,0.0,0.0,0.0
7K4N,2,af2,free,433,V,V,0,-6.423994191655644,-6.977442541120265,-0.5534483494646212,0.0,0.0,0.0
7K4N,2,af2,free,434,I,I,0,-5.926954456021209,-5.840332279577142,0.08662217644406667,0.0,0.0,0.0
7K4N,2,af2,free,435,A,A,0,-6.741397209932918,-5.371118092069836,1.370279117863082,0.0,0.0,0.0
7K4N,2,af2,free,436,W,W,0,-4.022141935357117,-3.329803175758332,0.6923387595987847,0.0,0.0,0.0
7K4N,2,af2,free,437,N,N,0,-2.759186021857713,-3.335676542914212,-0.576490521056499,0.0,0.0,0.0
7K4N,2,af2,free,438,S,S,0,-4.355110383844133,-4.20191357851988,0.15319680532425295,0.0,0.0,0.0
7K4N,2,af2,free,439,N,N,0,-1.32995292874453,-1.433428107845751,-0.10347517910122095,0.0,0.0,0.0
7K4N,2,af2,free,440,N,K,1,-0.13152627031745354,-0.20428103040621184,-0.07275476008875831,0.0,0.0,0.0
7K4N,2,af2,free,441,L,L,0,0.13912218341417387,0.03954877144053051,-0.09957341197364336,0.0,0.0,0.0
7K4N,2,af2,free,442,D,D,0,-9.37672554386978,-8.76422803140675,0.6124975124630296,0.0,0.0,0.0
7K4N,2,af2,free,443,S,S,0,-1.9462152446686671,-2.1624023190759494,-0.21618707440728224,0.0,0.0,0.0
7K4N,2,af2,free,444,K,K,0,-2.550713629385936,-1.3095538767643637,1.241159752621572,0.0,0.0,0.0
7K4N,2,af2,free,445,V,V,0,1.4957235194856864,1.0813298311614885,-0.4143936883241979,0.0,0.0,0.0
7K4N,2,af2,free,446,G,S,1,-3.40030862159166,-1.162788066300841,2.2375205552908186,0.0,0.0,0.0
7K4N,2,af2,free,447,G,G,0,-3.4533483616848613,-3.0699227740476633,0.3834255876371979,0.0,0.0,0.0
7K4N,2,af2,free,448,N,N,0,-4.494107852667884,-3.0938954373586824,1.400212415309202,0.0,0.0,0.0
7K4N,2,af2,free,449,Y,Y,0,-1.49018004097847,-0.2923741207555519,1.197805920222918,0.0,0.0,0.0
7K4N,2,af2,free,450,N,N,0,-0.835806001019478,-3.210072667389789,-2.374266666370311,0.0,0.0,0.0
7K4N,2,af2,free,451,Y,Y,0,-5.26294701683527,-7.551198452068265,-2.2882514352329952,0.0,0.0,0.0
7K4N,2,af2,free,452,L,L,0,-3.5379568961888204,-2.9729986864405413,0.564958209748279,0.0,0.0,0.0
7K4N,2,af2,free,453,Y,Y,0,-6.342511922138035,-5.141207717172449,1.2013042049655862,-0.04544864389609359,-0.05298263590722734,-0.00753399201113375
7K4N,2,af2,free,454,R,R,0,-5.311907609391888,-5.498338360790519,-0.18643075139863097,0.0,0.0,0.0
7K4N,2,af2,free,455,L,L,0,-4.265550157707785,-3.1290018145392806,1.1365483431685042,-2.4032374068731737,-2.2501221642043574,0.15311524266881626
7K4N,2,af2,free,456,F,F,0,-4.353082920891763,-4.9057463479381065,-0.5526634270463431,-0.8492442198601435,-1.3804015655378563,-0.5311573456777128
7K4N,2,af2,free,457,R,R,0,-1.1418929305341805,-1.3617388543297935,-0.21984592379561296,-0.012146184411531116,-0.0014138399355799367,0.010732344475951179
7K4N,2,af2,free,458,K,K,0,-1.6048050613536924,-1.6519168206414452,-0.0471117592877528,-2.6711631274031755e-06,0.0,2.6711631274031755e-06
7K4N,2,af2,free,459,S,S,0,-1.8793826329844032,-1.733860018032515,0.14552261495188823,0.0,0.0,0.0
7K4N,2,af2,free,460,N,N,0,-1.3157856478677399,-1.2796629878607995,0.03612266000694042,0.0,0.0,0.0
7K4N,2,af2,free,461,L,L,0,-3.837728319158767,-3.6233794724623705,0.21434884669639676,0.0,0.0,0.0
7K4N,2,af2,free,462,K,K,0,-2.662622102802175,-2.6666699366840176,-0.0040478338818426,0.0,0.0,0.0
7K4N,2,af2,free,463,P,P,0,-5.059735308162292,-4.894460211392591,0.16527509676970098,0.0,0.0,0.0
7K4N,2,af2,free,464,F,F,0,-1.6378974948896732,-1.6695789344842615,-0.031681439594588356,0.0,0.0,0.0
7K4N,2,af2,free,465,E,E,0,-4.896027168737337,-4.8607456804805125,0.035281488256824645,0.0,0.0,0.0
7K4N,2,af2,free,466,R,R,0,-0.9343719705561921,-0.9728130881491901,-0.03844111759299795,0.0,0.0,0.0
7K4N,2,af2,free,467,D,D,0,-5.322656961497651,-4.930782866063673,0.39187409543397766,0.0,0.0,0.0
7K4N,2,af2,free,468,I,I,0,0.8397556310525229,0.845512341682382,0.005756710629859052,0.0,0.0,0.0
7K4N,2,af2,free,469,S,S,0,-3.478985412475853,-3.531815671042333,-0.05283025856648038,0.0,0.0,0.0
7K4N,2,af2,free,470,T,T,0,-1.1830878223697954,-0.6400621797850639,0.5430256425847315,0.0,0.0,0.0
7K4N,2,af2,free,471,E,E,0,-3.3571750500260507,-3.217518830960164,0.13965621906588677,0.0,0.0,0.0
7K4N,2,af2,free,472,I,I,0,-2.8899007577810956,-3.2829025786206856,-0.39300182083959,0.0,-2.2902505861745713e-05,-2.2902505861745713e-05
7K4N,2,af2,free,473,Y,Y,0,-5.835698842123051,-5.924993686149126,-0.08929484402607457,-2.335964254907201,-2.316310004513946,0.019654250393254635
7K4N,2,af2,free,474,Q,Q,0,-1.3800024271162004,-2.482767691443763,-1.1027652643275627,0.03435465959702061,0.10242837474101876,0.06807371514399815
7K4N,2,af2,free,475,A,A,0,-4.014353787696344,-4.082775629081821,-0.06842184138547669,-3.604745083204433,-3.9300993027771396,-0.3253542195727066
7K4N,2,af2,free,476,G,G,0,-1.7585268609533005,-2.1118851160357615,-0.353358255082461,-3.0127945071762756,-3.1495538866397625,-0.13675937946348693
7K4N,2,af2,free,477,S,N,1,-2.704885129925929,-1.3912667318941994,1.3136183980317298,-6.513111217748764,-3.727555191946603,2.7855560258021614
7K4N,2,af2,free,478,T,K,1,-2.2529650365422857,-0.4854326405997532,1.7675323959425326,-6.912435556729276,-4.974625592736166,1.9378099639931108
7K4N,2,af2,free,479,P,P,0,-5.678332395714386,-2.7755148025156258,2.90281759319876,-2.3050621991486224,-0.0637746916656953,2.241287507482927
7K4N,2,af2,free,480,C,C,0,0.7163396211049878,-0.5022599024078376,-1.2185995235128253,0.08419981679611108,0.19597186277332745,0.11177204597721638
7K4N,2,af2,free,481,N,N,0,1.642654304731749,-1.3073710038869781,-2.950025308618727,0.14473793580949118,0.03129316516112471,-0.11344477064836647
7K4N,2,af2,free,482,G,G,0,-1.559505768745992,-1.9974279000167958,-0.4379221312708039,0.0,0.0,0.0
7K4N,2,af2,free,483,V,V,0,0.8923031768344507,-1.0115943572740438,-1.9038975341084945,-1.9773773032507498,-0.6347067460872787,1.342670557163471
7K4N,2,af2,free,484,E,A,1,-3.222318799149926,-3.4748894331719478,-0.25257063402202196,-5.86051006809716,-2.643698275613265,3.2168117924838944
7K4N,2,af2,free,485,G,G,0,-0.8296260134470641,-5.242802678945739,-4.413176665498675,-1.549316458632603,-4.408516437989038,-2.8591999793564344
7K4N,2,af2,free,486,F,F,0,-0.7048250319233249,-1.3126151930248287,-0.6077901611015037,-8.649212128385741,-10.06358291147328,-1.4143707830875378
7K4N,2,af2,free,487,N,N,0,-5.741066789144662,-5.470745105379415,0.27032168376524623,-2.401313275025358,-1.3336632735187979,1.0676500015065602
7K4N,2,af2,free,488,C,C,0,-0.9439330403324967,-1.5468858866047548,-0.6029528462722581,-0.2574387965939557,-0.5848714273681968,-0.32743263077424106
7K4N,2,af2,free,489,Y,Y,0,-5.484807740358928,-5.0645971456949255,0.42021059466400246,-2.5440633579394794,-5.105909325105056,-2.561845967165577
7K4N,2,af2,free,490,F,F,0,0.8575808615663223,1.441466730143226,0.5838858685769037,-0.0004885205360986977,-0.6814968903384447,-0.681008369802346
7K4N,2,af2,free,491,P,P,0,-7.52442879838609,-6.93277519581153,0.59165360257456,0.0,0.0,0.0
7K4N,2,af2,free,492,L,L,0,-5.01802654357617,-3.6664543643995784,1.3515721791765913,-2.810982902400755e-07,-0.04426494623810309,-0.04426466513981285
7K4N,2,af2,free,493,Q,R,1,-5.173908549229475,-2.666105329478254,2.5078032197512212,-2.6860099939995594,-2.2962489789890954,0.389761015010464
7K4N,2,af2,free,494,S,S,0,-2.1517298512901175,-1.8085715565652523,0.34315829472486525,-2.5326183793362034e-06,0.006840186867369189,0.006842719485748525
7K4N,2,af2,free,495,Y,Y,0,-4.98809920634356,-5.289878185114654,-0.30177897877109405,0.0,0.0,0.0
7K4N,2,af2,free,496,G,S,1,-1.7655495872030735,-0.8341112882406694,0.9314382989624042,0.0,0.0,0.0
7K4N,2,af2,free,497,F,F,0,-6.223930733881238,-6.313278671836345,-0.08934793795510743,0.0,0.0,0.0
7K4N,2,af2,free,498,Q,R,1,-0.9922364970053357,-1.0287913431410156,-0.03655484613567994,0.0,0.0,0.0
7K4N,2,af2,free,499,P,P,0,-3.68488272043721,-3.840765505445344,-0.15588278500813413,0.0,0.0,0.0
7K4N,2,af2,free,500,T,T,0,0.71085072516358,0.5548147759732738,-0.15603594919030628,0.0,0.0,0.0
7K4N,2,af2,free,501,N,Y,1,-2.412426415714516,-1.4165728203963068,0.9958535953182093,0.0,0.0,0.0
7K4N,2,af2,free,502,G,G,0,0.6050345892768633,0.45227984614840633,-0.15275474312845694,0.0,0.0,0.0
7K4N,2,af2,free,503,V,V,0,1.3383893359563643,1.6406301272447805,0.3022407912884162,0.0,0.0,0.0
7K4N,2,af2,free,504,G,G,0,-2.019142788027201,-1.6427114783978913,0.3764313096293095,0.0,0.0,0.0
7K4N,2,af2,free,505,Y,H,1,-1.306474338981972,-2.3442205804522716,-1.0377462414702996,0.0,0.0,0.0
7K4N,2,af2,free,506,Q,Q,0,-5.9730854239723525,-5.790261823666864,0.18282360030548883,0.0,0.0,0.0
7K4N,2,af2,free,507,P,P,0,-7.230529758842667,-7.291047938106982,-0.060518179264315464,0.0,0.0,0.0
7K4N,2,af2,free,508,Y,Y,0,-3.434310193767336,-3.5142022807002413,-0.07989208693290539,0.0,0.0,0.0
7K4N,2,af2,free,509,R,R,0,-7.448640594389328,-7.583941571440967,-0.13530097705163868,0.0,0.0,0.0
7K4N,2,af2,free,510,V,V,0,-6.87533632871812,-6.914633794661595,-0.039297465943474386,0.0,0.0,0.0
7K4N,2,af2,free,511,V,V,0,-7.756683953891642,-8.027596046452835,-0.2709120925611934,0.0,0.0,0.0
7K4N,2,af2,free,512,V,V,0,-7.015522653899746,-7.007259046118351,0.008263607781394455,0.0,0.0,0.0
7K4N,2,af2,free,513,L,L,0,-8.187722025794422,-8.195418650737,-0.0076966249425787225,0.0,0.0,0.0
7K4N,2,af2,free,514,S,S,0,-4.114867128387853,-4.0989652991161885,0.01590182927166417,0.0,0.0,0.0
7K4N,2,af2,free,515,F,F,0,-5.124740214988242,-4.653008444877004,0.471731770111238,0.0,0.0,0.0
7K4N,2,af2,free,516,E,E,0,-4.565030206773517,-6.038794110702564,-1.473763903929047,0.0,0.0,0.0
7K4N,2,af2,free,517,L,L,0,-0.7243088530636508,0.5750301631183543,1.299339016182005,0.0,0.0,0.0
7K4N,2,af2,free,518,L,L,0,1.8196838737541259,-0.014008119332864888,-1.8336919930869908,0.0,0.0,0.0
7K4N,2,af2,free,519,H,H,0,-0.17150884156271717,1.2550509466926711,1.4265597882553882,0.0,0.0,0.0
7K4N,2,af2,free,520,A,A,0,-0.0032545696285087578,0.45994738883406205,0.46320195846257084,0.0,0.0,0.0
7K4N,2,af2,free,521,P,P,0,-3.2112491493376387,-3.789424423099275,-0.5781752737616364,0.0,0.0,0.0
7K4N,2,af2,free,522,A,A,0,-2.551117729035202,-1.8952580922247264,0.6558596368104757,0.0,0.0,0.0
7K4N,2,af2,free,523,T,T,0,-4.782870942759809,-5.353743980581944,-0.5708730378221354,0.0,0.0,0.0
7K4N,2,af2,free,524,V,V,0,-6.387872439057271,-5.804596804151913,0.583275634905358,0.0,0.0,0.0
7K4N,2,af2,free,525,C,C,0,-2.7690741133618983,-1.8784818535888659,0.8905922597730325,0.0,0.0,0.0
7K4N,2,af2,free,526,G,G,0,-2.154485281211345,-0.912998964258015,1.2414863169533301,0.0,0.0,0.0
7K4N,2,af2,free,527,P,P,0,-2.332769939049732,-3.914264352086407,-1.5814944130366748,0.0,0.0,0.0
7K4N,2,af2,free,528,K,K,0,-3.176233481550708,-1.4579796938937606,1.7182537876569475,0.0,0.0,0.0
7K4N,2,af2,free,529,K,K,0,-0.9928064496795017,-0.8397653567844718,0.15304109289502987,0.0,0.0,0.0
7K4N,2,af2,free,530,S,S,0,-2.3928701431693726,-2.2886070934458775,0.1042630497234951,0.0,0.0,0.0
7K4N,2,af2,free,531,T,T,0,-2.562366328542613,-2.7171029197846037,-0.15473659124199068,0.0,0.0,0.0
7K4N,2,af2,free,532,N,N,0,-0.33689825143207686,-0.4939983690921373,-0.15710011766006043,0.0,0.0,0.0
7K4N,2,af2,free,533,L,L,0,-1.1125507882937915,-1.4086882323409429,-0.29613744404715137,0.0,0.0,0.0
7K4N,2,af2,free,534,V,V,0,-2.0339481985716477,-1.983533141242492,0.050415057329155744,0.0,0.0,0.0
7K4N,2,af2,free,535,K,K,0,-0.3694341905563351,-0.30101351907874524,0.06842067147758985,0.0,0.0,0.0
7K4N,2,af2,free,536,N,N,0,-1.0153176446441186,-0.9903785954267597,0.0249390492173589,0.0,0.0,0.0
7K4N,2,af2,free,537,K,K,0,-1.9615139229084535,-1.1979704729118095,0.763543449996644,0.0,0.0,0.0
7K4N,2,af2,free,538,C,C,0,-1.9133292533340407,-1.926115096197506,-0.012785842863465291,0.0,0.0,0.0
7K4N,2,af2,free,539,V,V,0,-2.7423245476061804,-3.3779816377976455,-0.6356570901914651,0.0,0.0,0.0
7K4N,2,af2,free,540,N,N,0,-3.643128596088057,-3.888885591064165,-0.2457569949761078,0.0,0.0,0.0
7K4N,2,af2,free,541,F,F,0,0.5837018849671716,0.37295878344744643,-0.21074310151972514,0.0,0.0,0.0
