pdb,antibody,method,constrained,wt_total,om_total,d_total,wt_interface,om_interface,d_interface,tot_stab_mut_close,tot_stab_mut_distal,tot_stab_other_close,tot_stab_other_distal,tot_destab_mut_close,tot_destab_other_close,tot_destab_mut_distal,tot_destab_other_distal,inter_destab_mut,inter_destab_other,inter_stab_mut,inter_stab_other
6M0J,ACE2,rpk,1,-1274.822018,-1217.42716,57.394858,-42.0207581,-39.4178354,2.6029227,,446,,406,417;484;496,403;449;455;495,371;373;375,372;374;437,498,449,493;501,
6M0J,ACE2,rpk,0,-1313.188396,-1296.08554,17.102856,-49.103582,-44.07544473,5.02813727,,339;446,495;497,338;341;376;407;433;435;450;479;510,417;484;493,403;455;490;502;503,371;373,342;365;372;374;423;434;437;511,,449;502;503,493;501,500
6M0J,ACE2,af2,1,-1679.170748,-1679.807037,-0.636289,-50.59631773,-41.46992955,9.126388186,,339;371;375;484,476;483;485,326;369;377;393;394;406;425;450;451;516;518;527,417;446;493;496,449;453;492;502;503,,356;374;421;434;435;444;448;517;519;526,417;505,449;502;503,493;498;501,476;489
6M0J,ACE2,af2,0,-1674.966936,-1678.689732,-3.722796,-48.56022501,-42.46070856,6.09951645,,339;371;375;484,476;483;485;506,369;372;377;393;406;419;423;450;451;516;518;527,417,449;453;473;492;502;503,,365;374;420;424;434;435;448;508;517;519;526,417;498,449;502;503,493;501,476;489
6XC4,1,rpk,1,-1327.538655,-1299.424701,28.113954,-53.13232126,-45.35628249,7.77603877,,339;446,,,477;484;493;501,490,371;373;375,368;372,417;505,,,
6XC4,1,rpk,0,-1329.476117,-1317.808378,11.667739,-53.23369,-45.5178217,7.7158683,,339;446,489,,477;484,,371;373;375,368;372;491;492,417;505,,,
6XC4,1,af2,1,-1406.219002,-1408.984483,-2.765481,-49.3523325,-48.14066171,1.211670782,,339;371;484,,369;372;376;389;393;406;422;451;472;480;481;483;485;516;518;527,496,421;489,446,332;374;387;430;435;444;445;448;492;497;499;517;519;526;528,417,403;475,505,455;487
6XC4,1,af2,0,-1394.716777,-1410.047056,-15.330279,-50.96459288,-50.6386654,0.325927478,,339;371,403;490,369;372;383;385;390;392;406;423;451;472;480;481;483;485;488;518;527,417;493;496;501,487;497,446,356;360;374;381;386;387;391;430;435;448;452;492;499;517;519;526;528,417,,501;505,456
6XC4,2,rpk,1,-1338.492416,-1310.544643,27.947773,-49.59308862,-44.57907587,5.01401275,,339;446,,367,493;501;505,490,371;373;375;484,372;449,417;493;505,,,
6XC4,2,rpk,0,-1337.15948,-1325.78566,11.37382,-49.64483656,-46.95423179,2.69060477,,339;446,489,367;452,493,490,371;373;375;484,369;370;372,417,,,
6xc4,2,af2,1,-1358.494583,-1325.540384,32.95419931,-50.59631773,-41.46992955,9.126388186,,339;371;484;493;505,,369;372;376;393;394;423;451;456;472;483;485;490;491;516;518;527,,,375;446;496;501,332;374;430;435;444;452;461;476;489;492;517;519;526,417,456;460;476;489,505,
6XC4,2,af2,0,-1351.532706,-1353.812559,-2.279853,-48.56022501,-42.46070856,6.09951645,,339;371,,356;369;372;389;406;423;450;451;472;480;483;485;516;518;527,,,446,342;374;430;434;435;444;448;449;452;455;476;494;517;519;526;528,417,403;405;475;476,,489
6XCM,1,rpk,1,-1179.788785,-1150.556553,29.232232,-54.20257266,-44.39414012,9.80843254,,,495,,477;493;501,,371;373;375;446;496,369;437;447;449;490,417;498,453,493,
6XCM,1,rpk,0,-1180.584519,-1174.464601,6.119918,-54.62324514,-55.18952834,-0.5662832,,339,502,372;374;384;491,493,489;503,371;375;446,369;437;447;490,417;498,453,493;501,
6XCM,1,af2,1,-1204.287613,-1208.982153,-4.69454,-66.18967968,-52.30651385,13.88316583,,339;371;375;484,405;421;453;502;504;506,338;360;372;382;390;393;436;450;451;480;483;485;511;516;518;527,417;496;498,408;489,,332;365;368;374;384;387;389;391;430;434;435;448;449;479;494;499;519;526,417;498;505,403;405;408;504,,421;455;486;502
6XCM,1,af2,0,-1213.660277,-1187.025943,26.634334,-45.58020195,-54.20611533,-8.625913384,,339;371;484,419;455,363;369;372;390;393;480;481;483;485;518;527,417;496;498;501,405;489,,365;374;377;389;391;392;430;435;444;448;461;479;494;497;517;519;528,417;498;505,403;487,501,405;408;415;420;455;486;502;504
6XCM,2,rpk,1,-1105.827346,-1063.239811,42.587535,-56.20056547,-46.92174493,9.27882054,,339,495,,417;446;477;493;496;501,447;449;455,371;373;375;484,372,417;496;505,,,495
6XCM,2,rpk,0,-1103.900976,-1107.771628,-3.870652,-56.97214313,-56.35826788,0.61387525,,339,409;457;486;495,366;367;372;377;407;410;418;472,446;477;493;496;501,421;447;449,371;373;375,492,417;496;505,,493;501,455;486;487;500
6XCM,2,af2,1,-1173.425984,-1187.627574,-14.20159,-48.18727808,-42.53097392,5.656304152,,339;371;484;493,,340;369;372;393;394;405;406;450;451;483;485;502;508;516;518;527,,,446;477;498;505,332;345;356;374;413;435;448;449;506;519;526;528,417;505,449;475;487,498;501,405;420;500
6XCM,2,af2,0,-1166.320694,-1196.931295,-30.610601,-31.82752161,-41.31055144,-9.48302983,,339;371;484;493;505,,369;372;377;393;394;406;415;418;419;450;451;475;481;483;485;518;527,,,417;446;477,342;345;374;387;420;435;448;490;494;511;517;526,,487,477;505,405;489
6XDG,1,rpk,1,-1143.697839,-1107.216469,36.48137,-59.12042412,-58.26026885,0.86015527,,339,,,477;493;498;501,455,371;373;375;446,368;369;372;374;436;447,493,,477,
6XDG,1,rpk,0,-1141.770563,-1124.518331,17.252232,-58.94317901,-59.05702948,-0.11385047,,339,,377;409;497,477;493;498,455,371;373;375;446,370;434;435;436;445;447,493,,477,
6XDG,1,af2,1,-1329.312503,-1322.472088,6.840415,-45.14569029,-38.99793858,6.147751707,,339;371,403;453;485,369;372;393;406;481;516;518;527,446;477;493,486;489;490,,374;391;424;435;444;448;479;491;497;517;519;526,484;493,483;485;489,,403;421;456;487
6XDG,1,af2,0,-1327.635201,-1319.209716,8.425485,-46.10670806,-38.18923224,7.917475821,,339;371,403;485;488,356;369;393;394;406;425;471;480;481;516;518;527,417;446;496;501,447;448;486;487;490;497,,365;374;387;424;435;479;519;526,417;493,455;483;488,,403;473;485
6XDG,2,rpk,1,-1156.141702,-1115.353546,40.788156,-32.84771332,-25.35607049,7.49164283,,339,,,446;498;501,447;502,371;373;375;477;484;493,372;453,446;498,449,,
6XDG,2,rpk,0,-1157.996556,-1134.499353,23.497203,-32.77394038,-28.71179817,4.06214221,,339,,366,446;498;501,441;447;502,371;373;375;477;493,369;402;403;453,498,449;500,,
6XDG,2,af2,1,-1343.794544,-1343.113221,0.681323,-34.08084034,-31.33405485,2.746785482,,339;371;440;484,,369;377;393;406;425;450;472;480;481;483;485;511;516;518;527,,,446;496;501,355;365;374;391;434;435;442;444;445;448;449;455;479;486;497;517;519;526;528,,346;444;445;449,440,441
6XDG,2,af2,0,-1345.183639,-1352.738946,-7.555307,-41.68406662,-41.86914978,-0.185083167,,339;371;440;484,,340;369;372;393;406;418;450;451;480;481;483;485;516;518;527,,,446;496;501,374;435;441;448;449;453;455;479;489;497;500;517;519;526,498,346;441;445;500,440,450;499
6YLA,1,rpk,1,-1365.063453,-1338.272892,26.790561,-82.31904691,-82.16404922,0.15499769,,339,,,371;375,372,373;484;493;501,490;502,,,,
6YLA,1,rpk,0,-1363.40667,-1354.264348,9.142322,-82.26453404,-82.56835569,-0.30382165,,339,,,371;375,372;434,373;484;493,490;502,,,,
6YLA,1,af2,1,-1429.331789,-1445.651774,-16.319985,-54.70672215,-67.36157544,-12.65485329,,339;375;484,,358;369;372;378;382;386;389;393;405;406;425;428;429;472;480;481;483;485;515;516;517;518;527;540,,,446;496;501,321;325;332;342;353;365;368;374;385;424;430;434;435;444;448;449;455;479;486;489;497;519;526;528,375,374;376;377;378;385;408;519,373,325;369;372;379;392;428;430;515;516;517;540
6YLA,1,af2,0,-1429.752398,-1443.419193,-13.666795,-59.47919306,-73.0598045,-13.58061143,,339;371;484,,338;369;372;377;378;381;382;393;405;406;423;425;428;436;480;481;483;485;515;516;517;518;527,,,446;496;501,332;365;370;374;385;387;388;391;424;431;434;435;448;453;479;486;489;497;499;519;528,375,370;374;377;408,373,321;325;381;392;428;430;515;516;517;540
6YLA,2,rpk,1,-1381.048746,-1364.439736,16.60901,-79.80423563,-80.19137787,-0.38714224,,339;446;496,,,371;375,372,373;477;484;493;501,490,,,,
6YLA,2,rpk,0,-1379.378708,-1373.632983,5.745725,-81.15178653,-79.30328731,1.84849922,,339;446;496,,,371;375,372,373;477;484;493;501,490,375,,,
6YLA,2,af2,1,-1447.746731,-1450.022942,-2.276211,-69.19722195,-76.7255497,-7.528327749,,339;484;493,321;369;372;377;379;381;390;393;516;517;518,406;423;480;481;483;485;527,,370;374;378;383;432;434;435;519,446;496;498;501,366;387;391;405;424;444;448;449;479;486;489;494;526,375,369;370;374;377;383;428,,321;372;379;381;385;390;408;430;516;517
6YLA,2,af2,0,-1450.626929,-1439.520147,11.106782,-88.90128689,-74.60011995,14.30116694,,339;484,321;430;516;518,356;360;393;406;421;425;480;481;483;485;523;527,,368;370;374;381;386;432;435;519,446;496;501,332;358;391;424;448;455;479;489;497;526;528,375,322;370;374;377;381;383;386;428;430,,321;372
6ZDH,1,rpk,1,-1275.016575,-1244.734538,30.282037,-61.48954851,-61.56181146,-0.07226295,,339;446;493;496,,497;508,,374,371;373;484;498;501,372;437;439,,,,
6ZDH,1,rpk,0,-1274.461459,-1261.76202,12.699439,-62.20814159,-62.59960009,-0.3914585,,339;446;493;496,,,375,,371;484;498;501,349;372;400;437;439;499;500,,,,
6ZDH,1,af2,1,-1357.161005,-1362.135607,-4.974602,-62.57879649,-67.81401436,-5.235217874,,339;484;505,372;385;389,338;393;406;418;450;451;472;480;481;483;485;511;516;527,,370;374;381;391;517;528,446;501,332;345;353;354;365;434;435;444;448;449;455;479;486;489;519;525;526,,390,,372;385;389;414
6ZDH,1,af2,0,-1363.637749,-1361.304541,2.333208,-61.68429236,-65.6567988,-3.972506438,,339;484;493;505,372;381;384;389;412;414;432;518,360;365;393;406;409;451;480;481;483;485;523;527,,374;379;380;383;391;411;427;430;515;528,446;501,332;356;362;363;424;434;435;444;448;449;479;489;494;519;525,,380;382;386;411;427,,372;377;385;389;414
6ZDH,2,rpk,1,-1270.23066,-1253.550883,16.679777,-64.80424287,-65.04725768,-0.24301481,,339;446,,,375,374,371;484;501,367;372;455;490,,,,
6ZDH,2,rpk,0,-1268.713426,-1263.335034,5.378392,-65.50110597,-64.70171159,0.79939438,,339;446;496,,497;508,,374,484;501,342;372;490,,,,
6ZDH,2,af2,1,-1356.720019,-1367.349851,-10.629832,-66.51752314,-69.78729239,-3.269769255,,339;371;484;505,,360;372;377;386;393;406;429;451;480;481;483;485;518;523;527,,,446;501,332;356;369;370;374;381;391;420;434;435;444;448;455;479;494;519;526,,378;414,,372;377;382;528
6ZDH,2,af2,0,-1360.733397,-1362.856061,-2.122664,-63.02790676,-73.94078203,-10.91287527,,339;371;484;505,,342;355;363;367;368;372;377;385;389;390;406;418;420;425;432;451;472;480;481;483;485;516;518;527;541,,,446;501,326;369;374;391;427;434;435;444;455;479;486;489;494;519;525,,381;427,,372;377;385;389;517
6ZDH,3,rpk,1,-1284.50947,-1271.214049,13.295421,-67.92738209,-67.69579043,0.23159166,,339;446,,492;508,,374,371;375;484;501,367;372;490,,,,
6ZDH,3,rpk,0,-1282.192778,-1282.509894,-0.317116,-67.81881002,-67.79296209,0.02584793,,339;446;496;505,,497;508,,,371;375;484;501,372,,,,
6ZDH,3,af2,1,-1367.788674,-1369.113359,-1.324685,-57.05455036,-63.29128174,-6.236731382,,339;371;484;505,,378;380;383;393;406;425;451;480;481;483;485;516;518;527,,,446;501,342;365;374;381;385;391;414;424;427;431;434;435;444;448;455;479;489;490;494;511;513;517;519;526,,386;414;427,373,370;372;378;379
6ZDH,3,af2,0,-1370.895151,-1361.875606,9.019545,-46.77135747,-62.91413609,-16.14277862,,339;371;373;484;505,,358;360;369;372;390;393;406;425;451;480;481;483;485;516;518;527,,,446,332;342;364;365;368;374;376;381;382;385;386;391;414;431;435;444;449;455;479;486;490;511;513;519;526;528,,414,373,369;370;372;377;378;379;392
7BEP,1,rpk,1,-1274.167513,-1254.438941,19.728572,-53.88084643,-53.77257211,0.10827432,,446;496;505,,,373,499,371;375;478;498;501,367;372;374;455;487,,,,
7BEP,1,rpk,0,-1273.564036,-1266.52129,7.042746,-54.22477207,-54.45587361,-0.23110154,,446;496;505,,488,373,342;499,478;498,372;374;455,,,,
7BEP,1,af2,1,-1388.513521,-1375.125607,13.387914,-55.89308894,-58.53256348,-2.63947454,,371;484;493;505,338;509,367;369;372;377;390;393;406;425;480;481;483;485;518;527,,335;342;345;444,446;501,365;374;389;391;392;424;435;449;479;489;494;511;513;517;519;524;525;528,,345,339;440,
7BEP,1,af2,0,-1381.88799,-1369.636526,12.251464,-56.14296344,-50.56403781,5.578925626,,371;484;493;505,,369;372;390;393;406;425;480;481;483;485;518;527,,335;340,446,353;365;374;377;391;420;427;435;448;449;479;486;489;492;494;517;519;525;528,,340;345,339;440,
7BEP,2,rpk,1,-1297.394479,-1263.828921,33.565558,-55.83140945,-47.58791611,8.24349334,,339;496;505,,508,478;484,487;490,371;373;375;498;501,372;374;499,446;484;493,,,
7BEP,2,rpk,0,-1296.543986,-1282.470221,14.073765,-54.70984246,-47.03106148,7.67878098,,339;496;505,486,434;502;508,478;484,487;490,371;373;498,372;374;499,484;493,,,
7BEP,2,af2,1,-1379.666023,-1385.470113,-5.80409,-32.2931226,-47.73486589,-15.4417433,,339;371;484,,369;372;376;393;394;406;456;474;481;482;483;485;516;518;527,,,446;477;496;501,332;356;374;435;444;448;489;497;519;526;528,484,481;487,478,455;456;482;483;485;486;494
7BEP,2,af2,0,-1375.967795,-1384.192881,-8.225086,-40.4662724,-47.95290403,-7.486631623,,339;371,,340;369;393;406;451;456;474;481;482;483;485;486;516;518;527;528,,,446;496;501,365;374;435;444;447;448;455;457;479;497;517;519;526,484,481;487;489,478,455;456;482;483;485;486;494
7BEP,3,rpk,1,-1300.425276,-1265.180288,35.244988,-55.48751177,-45.50926252,9.97824925,,339;505,,,484;493,490;494,371;373;375;498;501,372;374;499,446;484;493,,478,
7BEP,3,rpk,0,-1300.603909,-1286.799594,13.804315,-56.79880823,-51.0173098,5.78149843,,339;505,,436;497,484;493,490,373;375,372;434;499,484;493,,478,
7BEP,3,af2,1,-1387.019374,-1396.754656,-9.735282,-24.29802775,-47.6548097,-23.35678195,,339;371;484;505,,369;393;406;451;456;480;483;485;486;516;518;527,,,446;477;501,374;435;444;448;455;479;489;490;517;526;528,,481;490,478,452;455;456;482;483;485;486;494
7BEP,3,af2,0,-1389.230494,-1398.110763,-8.880269,-39.30242272,-51.65401633,-12.35159362,,339;371;484;505,,369;372;389;390;393;394;406;425;451;456;474;480;483;485;489;516;518;527,,,446;501,374;387;435;444;449;453;494;517;519;526;528,,449;471;487;494,478,455;456;473;482;483;485;489;490
7BEP,4,rpk,1,-1271.483522,-1247.429086,24.054436,-54.45819343,-54.7508156,-0.29262217,,446;505,,,373,499,371;375;478;493;498;501,372;374,,,,
7BEP,4,rpk,0,-1268.833627,-1256.376459,12.457168,-53.62003319,-53.52588096,0.09415223,,446;505,,497;502;508,,,371;373;477;478;493;498,372;374;504,,,,
7BEP,4,af2,1,-1371.856519,-1360.204706,11.651813,-54.36887876,-51.06016928,3.308709478,,339;371;484;493,,369;372;376;393;406;480;481;483;485;516;518;527,,,375;446;496;501,332;335;340;342;374;424;435;448;479;486;497;499;517;519;526;528,,340,339,
7BEP,4,af2,0,-1377.53626,-1364.372657,13.163603,-53.5091744,-51.21005765,2.29911675,,339;371;484,,363;369;372;390;406;423;447;472;480;481;483;485;518;527,,,446,335;340;342;365;374;391;392;420;424;435;444;448;449;479;494;497;517;519,440,340,339,345
7K8S,1,rpk,1,-1205.977069,-1178.370686,27.606383,-57.76060085,-50.52735164,7.23324921,,339,453,,484;493,490,371;373;477;501,372;374;439,417;484,,,
7K8S,1,rpk,0,-1203.024686,-1204.073164,-1.048478,-57.71913767,-49.53343057,8.1857071,,339;478;496,453;487,376;497;508,493,490,371;373;501,338;342;369;372;386,417;484,455;481;483,,487
7K8S,1,af2,1,-1388.41954,-1383.253774,5.165766,-51.71744266,-56.20547336,-4.488030702,,339;371;505,451;453;481;483;485,360;369;372;376;389;393;406;409;518;527,417;446;493;496,448;490;491;492,501,332;342;374;420;430;435;511;517;519;526;528,417;484,481;490,493,453;455;483;485;486;494
7K8S,1,af2,0,-1389.27929,-1388.111702,1.167588,-50.31702707,-47.49969771,2.81732936,,339;371,451;470;480;481;483;485;489,356;369;372;376;393;406;421;425;516;518;527,417;446;493,448;455;486;490;491,,374;412;424;430;435;479;497;517;519;526;528,417;484,486;488,,470;485;489
7K8S,2,rpk,1,-1184.0629,-1154.65927,29.40363,-57.95151317,-48.25903402,9.69247915,,339;478,453,,417;484;493;498;501,487,371;373;375;477,372;374,417;484;493,,,
7K8S,2,rpk,0,-1189.955171,-1177.124897,12.830274,-58.58982917,-53.93469471,4.65513446,,339;478,455;485;497,374;376;404;408;409;442;508,484;493;498;501,351;472;483;490,371;373;477,372;402;406;443;467,417;493,455,496,485;486;488;490
7K8S,2,af2,1,-1306.612258,-1294.557144,12.055114,-62.52770303,-53.38866403,9.139038995,,339;371;505,,356;369;372;389;393;394;406;409;425;449;452;481;482;483;485;516;518;527,,,417;446;484;493,374;414;420;435;444;450;455;456;487;494;517;519;526,417;484;493,445;450;453;455;456;481;487,478,449;452;472;482;483;486;489;490;494
7K8S,2,af2,0,-1277.481564,-1304.270957,-26.789393,-59.50285953,-51.45907376,8.043785774,,339;371;484;505,,347;356;360;369;372;393;406;425;451;473;483;485;516;518;527;528,,,417;446;501,332;342;353;365;374;381;424;435;444;448;455;456;470;492;495;511;517;519;526,417;484,445;450;453;455;456;470;481;487;490;492,478;493,482;483;486;494
7K8S,3,rpk,1,-1173.923769,-1152.587945,21.335824,-57.19653237,-41.05634182,16.14019055,,339;478,453,436,417;477;484;493;501,,371;373;375,372,417;484;493;505,403,,
7K8S,3,rpk,0,-1177.229165,-1178.021025,-0.79186,-56.08698117,-49.88819459,6.19878658,,339;478,453;485,406;432;508,417;501,487;488,371;373;477,372;434,417;484;493;505,403,,455;483
7K8S,3,af2,1,-1277.454597,-1284.019375,-6.564778,-55.16887017,-60.37438012,-5.205509946,,339;371,,369;372;376;389;390;393;406;425;453;481;482;483;485;488;518;527,,,417;446;477;496;501,332;365;374;391;392;424;435;436;444;455;461;472;473;475;489;494;519;526,417;484;493,475;481,496,453;455;482;483;485;486;489
7K8S,3,af2,0,-1288.830629,-1291.014187,-2.183558,-54.52030525,-45.46816097,9.052144282,,339;371;493;505,,360;369;372;376;393;406;425;476;481;483;485;516;518;527,,,417;446;496;501,332;342;374;391;424;435;444;448;486;489;490;494;511;517;519;526,417;484,475;481;494,493,453;455;483;485
7K8X,1,rpk,1,-1184.669792,-1175.463804,9.205988,-43.92261713,-42.30359244,1.61902469,,339,,435,484;501,449;455,371;373;375;477,372,484,449,446,
7K8X,1,rpk,0,-1185.004651,-1193.553628,-8.548977,-44.68359105,-45.51724704,-0.83365599,,339,,435,484;501,449;455,371;373;477,372;376;379,484,449,446;478;496,483;494
7K8X,1,af2,1,-1243.538724,-1266.576457,-23.037733,-51.16273163,-38.56406221,12.59866942,,339;371,483;485;488;490,356;360;369;372;376;393;406;425;451;480;481;516;518;527,446;478;501,449;455;486;489;491;494,,332;374;424;435;497;499;517;519;526,478;484,444;455;475;483;487;489,446;496,485;490
7K8X,1,af2,0,-1255.64305,-1276.995643,-21.352593,-40.55201043,-42.80419913,-2.252188696,,339;371,481;483;485;488;490,369;372;393;399;406;418;420;425;480;516;518;527,446,453;455;482;486;494,477,332;342;374;421;427;435;479;517;519;526;528,,444;455;456;475;486;487,446;478;484;493,485;490
7K8X,2,rpk,1,-1719.228113,-1673.240128,45.987985,-59.01546408,-58.53223615,0.48322793,,339;339,,,484;493;501;501,490,371;373;375;371;373;375,369;372;374;437;499;372;437;502,484,449,446;478,
7K8X,2,rpk,0,-1723.347881,-1725.671229,-2.323348,-61.07842337,-67.15593967,-6.0775163,,339;339,483,338;366;370;402;404;338;403;406;508,493;501,449;492;495;518,371;373;375;371;373;375,372;374;421;434;437;499;504;509;342;372;374;502,484,449,446;478;496;501,490;519
7K8X,2,af2,1,-1936.368388,-1927.494015,8.874373,-69.0199133,-62.06236161,6.957551689,,339;371;484;339;371;375;484,,369;372;376;382;393;406;425;450;451;480;481;483;485;489;490;516;518;528;363;369;372;390;399;406;419;480;481;483;485;503;518;527,,,446;477;493;501;446;496;501,365;374;391;392;424;435;444;448;453;455;457;473;475;487;497;499;519;526;356;365;374;376;391;420;432;435;444;448;455;479;489;490;497;517;519;528,484,483;487;489,478,486;490
7K8X,2,af2,0,-1934.777396,-1935.112228,-0.334832,-70.35428813,-58.00364329,12.35064484,,339;371;484;493;339;371;484,,369;372;376;382;393;406;425;451;480;481;483;485;490;516;518;527;328;367;369;372;385;390;393;394;406;472;480;481;483;485;516;518;527,,,446;501;375;446;501,332;342;345;374;387;390;424;435;444;453;455;479;482;487;494;497;499;511;517;519;526;332;365;368;374;391;435;444;448;455;479;486;489;494;517;519;528,484;375,455;483;487;489;408;414;503;508,493,490
7KMG,1,rpk,1,-1314.719405,-1289.520661,25.198744,-66.96840306,-49.72950734,17.23889572,,505,,,446;478;493;501,447;449,375,,484;493,449;486,496,
7KMG,1,rpk,0,-1311.892172,-1305.481442,6.41073,-67.05888456,-56.83895394,10.21993062,,339;373;417;505,495,372;508,446;478;493;501,447;455,,,484;493,486;495,496,
7KMG,1,af2,1,-1401.394864,-1414.420531,-13.025667,-63.37956737,-57.95088127,5.428686099,,339;371,452;481;483;485,369;372;376;393;406;419;516;518;527,446;477;493;501,455;479;486;494,,332;356;374;420;430;435;448;497;499;517;519;526,493,450;481;486;487;488;489,478;496,452;485
7KMG,1,af2,0,-1400.507271,-1412.042626,-11.535355,-55.39152317,-57.18129641,-1.78977324,,339;371,450;481;483;485,326;328;356;369;372;376;389;393;394;406;451;516;518;527,446;478,452;479;486;488;489,501,374;435;444;448;519;526;528,493,481;486;487;488;489,496,449;450;483;485;490;492
7KMG,2,rpk,1,-1310.361566,-1294.895139,15.466427,-63.81697683,-53.4627229,10.35425393,,339;373;505,,437,446;478;493;501,447;455,371;375,,484;493,,,
7KMG,2,rpk,0,-1309.750669,-1303.214809,6.53586,-64.09934779,-57.65287366,6.44647413,,339;373;505,,367;453;503;508,446;478;493;501,447;455,,369;445,484;493,,,
7KMG,2,af2,1,-1416.509242,-1422.682516,-6.173274,-55.38542057,-53.1847701,2.200650472,,339;371;484;505,,369;372;376;393;394;406;418;472;476;481;483;485;516;518;527,,,446;493;501,332;356;374;389;421;435;444;448;450;455;475;489;494;495;517;526;528,484;493,450;489;494,,449;483;485;490;492
7KMG,2,af2,0,-1412.095707,-1410.845465,1.250242,-61.82195597,-58.0684077,3.753548262,,339;371;484;505,,369;372;376;393;406;420;425;451;481;483;485;516;518;527,,,446;478;493,374;430;435;444;453;489;490;492;517;519;526,478;493,481;487;488,,483;485
7LRT,1,rpk,1,-975.8102264,-945.4570811,30.3531453,-47.99624771,-45.42446742,2.57178029,,339;496,487,,477;478;484;493,490,371;375;446;501,376;447;449;454,477;478,,493,487
7LRT,1,rpk,0,-981.6275526,-967.2770038,14.3505488,-50.2908695,-46.33592217,3.95494733,,339;373;440;496,455,368;369;372;435;497;508,477;478;484;493,453;490,375;446;498;505,342;376;445;447;454;499;506,477;478,,,489;490
7LRT,1,af2,1,-1245.15806,-1255.170266,-10.012206,-66.98412028,-46.45225942,20.53186086,,339;371,472;483;485;486;487;490,328;356;360;369;372;376;389;393;406;418;420;422;425;516;518;527,478,455;456;479;494,446;501,332;374;430;435;444;448;517;519;526,478;484,455;456;479;483;485;488,,489;490
7LRT,1,af2,0,-1241.628073,-1245.818991,-4.190918,-63.69314657,-44.82982464,18.86332192,,339;371,483;485;487,358;369;372;376;389;393;406;425;516;518;527,478;484,473;479;489,446;496;501,356;374;387;391;435;444;448;494;497;519;526,478;484,456;473;483;485;487;489,493,
7M7W,1,rpk,1,-1318.27372,-1277.191919,41.081801,-55.01447166,-44.7770916,10.23738006,,339;496,,374;495,,,371;373;375;446;477;484;498,372;447;455,,,,
7M7W,1,rpk,0,-1317.504297,-1304.474788,13.029509,-54.90467696,-55.01369117,-0.10901421,,339;501,,374;385;456;495;508,,,371;373;446;477;498,342;368;369;372;436;447;455;511,,,,
7M7W,1,af2,1,-1400.573572,-1408.942551,-8.368979,-41.41548208,-51.55670166,-10.14121958,,339;371;484;493,,376;382;390;393;394;406;425;430;431;451;480;481;483;485;516;518;527,,,446;496;501,356;374;391;424;435;444;448;479;489;492;494;497;517;519;526,,428,,464;466;518
7M7W,1,af2,0,-1396.884165,-1413.710771,-16.826606,-47.7748674,-55.04824262,-7.27337522,,339;371;484;505,,355;358;367;369;372;382;390;393;394;406;421;425;451;472;480;481;483;485;514;516;518;527,,,446;501,365;368;374;377;389;391;424;427;435;444;448;455;479;486;489;494;513;517;519;520;526,,428;519,,355;464;466;514;518
7M7W,2,rpk,1,-1273.75301,-1222.254776,51.498234,-65.56273096,-56.6367793,8.92595166,,339,,452,371;373;501,372,446;484;496,447;449;455;490,,372;374,375,
7M7W,2,rpk,0,-1273.965328,-1247.963887,26.001441,-66.05698247,-64.14510118,1.91188129,,339,435,456;483,371;373;501,370;372;377;384,446,445;447;455;491,,370;374,375,369
7M7W,2,af2,1,-1369.336665,-1353.883999,15.452666,-62.10665623,-73.06415882,-10.95750259,,339;484,369;372;378;405;406;408;435,326;390;393;409;425;451;480;481;483;516;518;527,,368;374;376;385;407,446,332;338;342;365;389;391;444;448;455;479;486;511;517;526;528,,374;408,373,369;370;372;378
7M7W,2,af2,0,-1361.591768,-1350.399939,11.191829,-59.97777082,-73.04735935,-13.06958852,,339;484,369;372;378;406;502;508,328;390;392;393;394;409;418;422;451;480;481;483;485;516;518;527,,368;374;376;407;413;435;506,446,332;338;355;365;387;389;399;421;427;436;444;448;455;479;489;517;519;526,,374;408,373;375,369;370;372;376
7M7W,3,rpk,1,-1321.797206,-1297.846759,23.950447,-51.70345128,-47.08354669,4.61990459,,339,,434;492;495,,,371;373;375;446;498;501,372;447;449,,,,
7M7W,3,rpk,0,-1319.745568,-1302.939889,16.805679,-52.77627613,-51.7864443,0.98983183,,339,,368;434;492;502,,,371;373;375;446;498;501,372;447;449;489,,462,,
7M7W,3,af2,1,-1391.936923,-1403.55964,-11.622717,-42.72062611,-55.92253171,-13.20190561,,339;371;375;484;505,,369;382;390;393;394;406;425;451;472;480;481;483;485;515;518;527,,,446;501,332;356;374;391;424;434;435;444;448;455;462;479;486;489;494;517;526,,,,462;518;519
7M7W,3,af2,0,-1398.159133,-1400.284128,-2.124995,-43.31159705,-52.43320605,-9.121609002,,339;371;484;505,,355;369;372;406;425;451;472;480;481;483;485;516;518;527,,,446;501,332;374;391;420;435;444;448;455;479;486;489;494;519;526;528,,396,,466;518
7M7W,4,rpk,1,-1285.500596,-1240.516459,44.984137,-75.94115493,-64.76246556,11.17868937,,339,406,492,371;373;501,372,446;496;498,367;447;449,,372,375,
7M7W,4,rpk,0,-1284.72022,-1259.65837,25.06185,-75.09523835,-72.82434952,2.27088883,,339,406;508,,371;373,372,446;496;498,445;447,,370;372,375,
7M7W,4,af2,1,-1366.46619,-1364.175761,2.290429,-71.18516834,-61.83933859,9.345829747,,339;371;373;375;484,,356;369;372;377;390;393;406;409;418;436;451;480;481;483;485;502;503;508;516;518;527,,,446;501,332;365;374;384;385;430;433;435;444;448;449;455;479;486;489;490;506;517;519;526;528,375,370;374;378;379;384,373,376
7M7W,4,af2,0,-1360.981433,-1368.715893,-7.73446,-57.44933506,-59.17998195,-1.730646892,,339;375;484,,356;369;372;377;378;390;393;436;451;472;480;481;483;485;502;508;516;518;527,,,446;501,365;370;374;376;379;384;391;434;435;444;448;455;479;486;489;506;517;519;528,,370;374;377,373,372;378
7MM0,1,rpk,1,-791.042284,-732.657436,58.384848,-46.3968766,-28.65548439,17.74139221,,339,,497;508,477;493,,371;373;375;446;498;501,372;437;439;447;499;500;506,477;478;493,,,
7MM0,1,rpk,0,-806.6772165,-777.9976767,28.6795398,-46.1581073,-45.11186049,1.04624681,,339,490,435;439;497;502,477;493,491,371;375;446;498;501,372;401;402;437;445;495;499,477;478;493,,,487;490
7MM0,1,af2,1,-1154.75782,-1147.979449,6.778371,-48.67335197,-39.03646693,9.63688504,,339;371,480;485;488,328;340;358;367;369;372;389;406;425;451;454;472;483;518;527,478;493,455;456;479;491;492,446;496;501,332;356;365;368;374;391;435;444;448;452;497;519;526,478;493,479;481,,486;489;490
7MM0,1,af2,0,-1164.497546,-1155.506563,8.990983,-52.37798399,-36.79812644,15.57985755,,339;371,480;481;483,328;360;369;372;389;393;394;406;425;516;518;523;527,478;493,455;456;479;489,446;496;501,332;365;374;391;392;427;435;444;448;497;517;519;526;528,477;478,475;479;485;487;490,,476
7NX6,1,rpk,1,-1338.239179,-1327.36211,10.877069,-68.1724702,-66.41870221,1.75376799,,339;446,,,375,,371;493;496;501,372;449;489;502,,,,
7NX6,1,rpk,0,-1337.475618,-1338.75066,-1.275042,-68.18689783,-70.15556226,-1.96866443,,339;446,374,347;495,375,,371;493,452;502,,,,374
7NX6,1,af2,1,-1424.319838,-1430.315331,-5.995493,-53.47431504,-69.68300511,-16.20869006,,339;484,372;384;385;386;517;518,326;406;425;451;480;481;483;485;527,,368;369;374;389;391,446;501,332;365;435;444;448;455;479;486;489;490;494;519;525,,370;382,,372;377;379;384;385;386;414;428
7NX6,1,af2,0,-1424.491571,-1433.74867,-9.257099,-50.11454257,-67.56686079,-17.45231823,,339;484;505,372;384;385;386;390;518,360;393;406;425;451;472;480;481;483;485;527,,370;374;387;391;431;517;528,446;501,332;435;444;448;449;455;479;486;494;519,,370;428,,372;377;378;385;386;390;392
7NX6,2,rpk,1,-1316.350875,-1301.907992,14.442883,-55.19622172,-47.12625627,8.06996545,,339;373;446,,,417;496;498;505,449,371;375;484,372,417;505,,493;501,
7NX6,2,rpk,0,-1314.972738,-1304.05856,10.914178,-60.10316674,-52.45943252,7.64373422,,339;373;446,495,,496;498;505,403;449;460,371;375;484,372;436,417;505,460,501,403;455
7NX6,2,af2,1,-1405.28005,-1406.966542,-1.686492,-58.77875707,-62.20293578,-3.424178705,,339;484;493,,369;372;385;403;406;451;480;483;485;488;504;516;518;527,,,446;496;501;505,374;391;434;435;444;448;449;452;458;471;486;489;494;517;519;526,505,460;486;489;502;503,493;496;501,405;408;421;457;487;504
7NX6,2,af2,0,-1408.401228,-1402.583445,5.817783,-58.82707638,-65.63481285,-6.807736473,,339;371;484;493;501,,367;372;383;384;385;403;406;420;451;472;475;480;483;485;488;495;504;518;527,,,446;498;505,342;365;368;374;377;382;391;392;435;448;449;452;458;471;479;486;489;492;494;517;519;525;528,417;505,486;489,493;498;501,405;408;456;473;475;487;500;504
7ORA,1,rpk,1,-1290.213849,-1269.920727,20.293122,-49.51807085,-47.86276154,1.65530931,,339;446;505,,,484;493,455;490,371;373;375;498;501,372,493,,,
7ORA,1,rpk,0,-1291.977322,-1277.491224,14.486098,-49.64739436,-50.07121184,-0.42381748,,339;446;496;505,,332,484;493,455;490,371;373;375;498,372;494,,,,
7ORA,1,af2,1,-1386.608294,-1397.814421,-11.206127,-53.36651349,-49.69546969,3.671043802,,339;371;505,481;483;485;488;489,369;372;376;383;385;393;394;406;409;418;472;516;518;527,478;493,453;479,446;501,332;374;387;435;444;448;494;517;519;526;528,484,479;485,,456;489;490
7ORA,1,af2,0,-1384.965351,-1391.430748,-6.465397,-46.5483071,-48.61530757,-2.067000471,,339;371;505,481;483;485;488,326;328;360;369;372;393;406;409;418;472;516;518;527,493,479,446;501,332;374;391;420;435;444;448;519;526,484,485,,456;486;489
7ORA,2,rpk,1,-1335.109416,-1315.854143,19.255273,-58.08900705,-57.89441113,0.19459592,,339;446;505,,452,,,371;373;375;484;498;501,367;372;455;472;490,,,,
7ORA,2,rpk,0,-1335.117858,-1328.729987,6.387871,-58.13864877,-57.94981738,0.18883139,,339;446,,434;436,,,371;373;484;498;501,372;374;455;472;490;499,,,,
7ORA,2,af2,1,-1423.634013,-1421.750902,1.883111,-48.40877876,-52.46185311,-4.053074349,,371;484;505,,369;372;395;406;425;433;471;480;481;483;485;516;518;527,,,446;501,342;358;360;374;430;435;444;448;455;467;479;486;489;494;519;520;522;528,,357;466,,518;519
7ORA,2,af2,0,-1416.920045,-1423.504899,-6.584854,-44.31244498,-56.46427863,-12.15183366,,339;371;484,,358;360;369;372;393;406;418;420;425;451;466;480;481;483;485;516;518;527,,,446;501,342;374;387;427;430;435;444;447;448;455;479;486;489;490;513;517;519;520;526;528,,,,357;360;463;466;518;519
7ORA,3,rpk,1,-1337.980114,-1322.433443,15.546671,-52.74153016,-52.63925683,0.10227333,,339;446;505,,452,,,371;373;375;484;498;501,372;374;455;490,,,,
7ORA,3,rpk,0,-1337.823416,-1330.468776,7.35464,-52.38253224,-54.51810921,-2.13557697,,339;446;496;505,,508,,,371;373;484;498,372;374;455;490,,,,466
7ORA,3,af2,1,-1420.206617,-1427.129798,-6.923181,-49.19721306,-55.75857947,-6.561366406,,339;371;484;505,,328;357;363;369;372;376;392;393;394;406;425;480;481;483;485;516;518;524;525;527,,,375;446;501,338;354;356;360;374;399;424;430;435;444;448;449;453;479;486;489;517;519;522;526,,465,,466;516;518
7ORA,3,af2,0,-1415.922825,-1417.504296,-1.581471,-41.9808028,-48.91055669,-6.929753888,,339;371;484,,369;372;376;389;393;406;425;451;480;481;483;485;516;518;527,,,375;446;496;501,357;360;374;424;427;430;435;444;448;455;466;479;489;497;517;519;520;522;526;528,,357,,462;466;518;519
7ORA,4,rpk,1,-1295.197912,-1273.617818,21.580094,-49.39486253,-49.21184324,0.18301929,,339;446;505,,,477;484,453;490,371;373;375;498;501,372;499,477,,493,
7ORA,4,rpk,0,-1293.26669,-1285.244348,8.022342,-49.57375735,-52.18306903,-2.60931168,,339;446,,502;508,477;484,490,371;373;498,372;374;499;504;506,477,,493,
7ORA,4,af2,1,-1388.597418,-1386.96921,1.628208,-50.82859155,-46.17025211,4.658339443,,339;371,,369;372;376;406;421;425;472;474;483;485;488;516;518;527,,,446;478;493;501,332;374;424;435;444;447;448;455;479;497;519;526,478;484,485,,
7ORA,4,af2,0,-1390.621998,-1395.460038,-4.83804,-52.880875,-47.83613506,5.044739933,,339;371;505,,369;393;394;406;419;421;481;483;485;488;516;518;527;528,,,446;478;493;501,365;374;420;435;444;448;453;517;519;526,478;484,483;485;487,493,
7R6X,1,rpk,1,-1292.563572,-1253.672373,38.891199,-60.21028018,-58.02920932,2.18107086,,505,,497,373,,371;375;446;484;493;498;501,372;421;447;490,440,,,
7R6X,1,rpk,0,-1290.494759,-1272.401481,18.093278,-59.82206343,-56.93339663,2.8886668,,496;505,,409;418;449;452;461;497;502,373,,371;375;446;484;501,351;372;412;444;447;454;455,440,,,
7R6X,1,af2,1,-1359.598308,-1357.019995,2.578313,-53.82515024,-57.5399134,-3.714763155,,339;371;484;493;505,,369;372;376;393;406;418;472;480;481;483;485;516;518;527,,,446;501,332;342;374;430;435;444;448;455;479;486;489;492;494;517;519;526;528,,,339;440,
7R6X,1,af2,0,-1360.908659,-1356.832602,4.076057,-50.75012676,-54.0554907,-3.305363935,,339;371;484,,335;346;369;389;393;394;406;450;451;480;481;483;485;516;518;527,,,446,332;342;343;344;354;374;424;434;435;448;449;453;479;486;489;517;519;528,,334;343,440,335;441
7R6X,2,rpk,1,-1338.060024,-1305.580835,32.479189,-51.84773909,-45.60606721,6.24167188,,339,,,375,374,371;373;446;484;498;501,372;447;455;502,,,,
7R6X,2,rpk,0,-1337.911432,-1323.170487,14.740945,-49.68895424,-51.981913,-2.29295876,,339,,497,375,,373;446;484;498;501,372;447;455;499;502,,,375,414
7R6X,2,af2,1,-1406.942683,-1415.483213,-8.54053,-44.60460865,-48.5311592,-3.92655055,,339;484;505,372;377;382;386;388;389;392;427;516;518,358;406;409;451;480;481;483;485;527,,369;370;374;378;379;383;385;391;517,446;501,356;435;444;448;455;479;486;489;490;494;519;526;528,,378;518,373,372;377;382;386
7R6X,2,af2,0,-1405.277021,-1415.478613,-10.201592,-45.9525195,-45.12267637,0.82984313,,339;371;484,369;372;378;382;390;392;518,340;406;423;434;437;451;480;481;483;485;527,,370;374;379;391;413;428;517,446,332;358;420;435;444;453;479;489;519;526,,370;412;428,373,372;383;386
7R6X,3,rpk,1,-1136.566052,-1086.179027,50.387025,-47.78855549,-41.84532889,5.9432266,,339,,436;497,477;478;484;493,455;487,371;373;375;446;501,372;374;447;502,478,,,
7R6X,3,rpk,0,-1136.157486,-1108.611489,27.545997,-47.81774867,-47.42591799,0.39183068,,339,,497,477;478;484;493,455;490,371;373;375;446;501,372;447;502,477,,493,
7R6X,3,af2,1,-1211.905669,-1207.862765,4.042904,-44.08851766,-47.13903418,-3.050516522,,339;371;484;505,,360;369;393;394;406;425;480;481;483;485;486;487;488;489;516;518;527,,,446;477;493;496;498;501,374;424;435;444;453;455;517;519;526;528,477,473,,486;487
7R6X,3,af2,0,-1206.503255,-1216.884817,-10.381562,-44.87529882,-45.91124701,-1.035948195,,339;371;375;484;505,,360;367;369;372;393;406;409;418;419;450;480;481;483;485;486;516;518;527,,,446;477;478;493;501,332;342;365;374;389;435;444;448;449;453;479;519;526;528,477;478,,,485;486
